"","Алгебра","Геометрия","Информатика","История","География","Экономика","Биология","Физика","Химия","Обществознание","Русский","Литература","Физкультура","Труд","Музыка","ИЗО","Английский","Регион","Зарплата"
"1",36,42,38,32,88,27,61,79,54,48,48,45,52,62,60,55,80,"северный",31387
"2",0,0,0,0,0,6,18,0,0,0,18,16,13,41,0,0,0,"северный",9824.97524656355
"3",76,78,91,72,88,75,84,72,75,67,64,70,51,84,63,67,75,"южный",22986
"4",0,0,18,0,3,23,9,29,0,9,0,0,0,2,15,0,0,"северный",15188
"5",90,95,100,98,100,100,90,96,100,88,90,87,100,98,100,89,100,"северный",40136
"6",100,98,96,91,50,100,88,100,100,53,77,100,100,100,100,100,74,"центральный",56755
"7",14,2,0,1,0,7,2,3,12,6,0,0,4,0,0,2,6,"северный",23260
"8",100,100,100,100,99,98,98,100,80,100,100,100,100,100,92,89,97,"южный",32125
"9",100,100,100,100,95,100,100,100,100,100,100,100,100,100,100,100,100,"центральный",43019
"10",100,100,99,100,100,100,100,100,89,100,97,100,100,100,100,84,100,"южный",46314
"11",65,73,75,78,80,65,75,70,70,73,65,79,61,60,63,59,79,"южный",54220
"12",41,17,6,29,41,22,37,18,27,44,39,21,54,24,51,29,26,"северный",40761
"13",55,70,54,67,76,70,40,35,56,70,70,65,43,75,87,71,62,"центральный",37206
"14",85,91,88,94,87,76,93,77,86,93,91,100,92,76,85,95,90,"северный",39814
"15",100,99,100,100,100,99,100,100,99,100,100,95,100,100,100,95,100,"северный",64581
"16",34,32,40,35,34,32,25,65,37,62,45,39,39,49,52,33,50,"северный",28657
"17",0,0,0,0,0,0,0,0,0,0,0,0,0,0,0,0,0,"северный",10339.3628057092
"18",73,99,98,100,84,84,63,82,100,75,53,99,57,100,72,94,99,"северный",49815
"19",60,56,62,64,42,61,51,61,57,51,57,54,55,53,54,50,50,"северный",25200
"20",26,38,34,41,21,41,38,65,35,50,26,25,52,61,24,24,42,"южный",50580
"21",100,95,89,100,99,99,86,100,64,100,96,100,100,88,100,95,100,"северный",35528
"22",0,0,0,8,0,0,20,0,0,6,0,0,0,19,7,0,0,"южный",24877
"23",0,0,0,7,7,0,0,0,26,0,0,0,0,5,0,3,6,"южный",21057
"24",67,57,68,81,69,63,67,72,70,69,70,67,68,65,70,73,68,"южный",34155
"25",88,100,100,82,100,95,86,74,94,84,85,95,83,100,89,94,84,"южный",59491
"26",80,72,88,76,82,81,77,87,75,84,88,80,86,79,80,86,91,"северный",46532
"27",80,77,66,73,65,66,73,53,78,54,62,71,63,54,60,67,71,"южный",46888
"28",92,74,86,77,74,76,75,79,56,72,67,56,60,79,90,68,100,"южный",10175.6065846421
"29",51,54,51,39,35,32,74,48,92,78,84,43,41,63,87,58,75,"центральный",26414
"30",100,100,100,100,100,100,100,100,100,100,100,100,100,100,100,100,100,"северный",41334
"31",64,55,58,61,59,60,63,60,62,51,52,61,67,62,67,57,61,"южный",38776
"32",3,19,71,44,60,13,18,22,37,11,40,60,22,73,50,41,25,"северный",39166
"33",2,4,22,15,16,12,15,2,4,8,3,7,14,6,18,12,3,"центральный",42643
"34",58,68,62,58,68,56,63,56,64,64,70,54,61,56,61,64,59,"северный",30623
"35",63,61,57,62,46,68,63,44,57,44,35,53,74,73,29,47,46,"северный",64367
"36",80,52,57,84,59,56,85,32,97,64,80,67,47,84,92,57,54,"северный",31476
"37",100,100,100,100,100,100,100,100,100,100,100,100,100,100,100,100,100,"южный",55721
"38",100,100,76,87,100,85,97,90,94,78,90,79,62,93,55,99,93,"центральный",45002
"39",57,68,62,60,65,57,52,56,62,64,69,53,67,62,58,62,48,"северный",37684
"40",100,100,100,100,100,100,100,100,100,100,100,100,100,100,100,100,100,"северный",57175
"41",15,11,14,7,17,17,12,4,0,21,13,21,18,13,23,27,29,"центральный",10090.7341856509
"42",100,69,62,94,80,93,54,48,100,74,89,69,96,82,80,72,87,"южный",62882
"43",79,84,80,75,77,78,80,79,75,82,76,76,83,81,74,70,80,"северный",33437
"44",52,63,54,45,62,72,52,40,62,50,59,29,43,73,34,56,47,"южный",16936
"45",77,64,69,83,70,100,76,75,88,76,64,63,92,85,90,96,85,"центральный",21833
"46",79,50,99,69,33,67,68,54,66,54,80,28,78,68,78,50,58,"южный",58329
"47",100,95,74,74,70,100,57,93,81,95,100,98,90,67,100,100,98,"южный",46762
"48",63,86,53,26,54,53,60,51,52,44,65,42,59,52,56,37,50,"центральный",33161
"49",0,0,0,0,0,0,0,0,0,0,0,0,0,0,0,0,0,"южный",10372.5266205147
"50",39,52,58,31,34,46,49,51,48,42,16,59,28,37,11,43,30,"северный",33161
"51",13,12,28,27,27,24,37,20,30,12,32,17,14,18,21,23,15,"центральный",29282
"52",42,56,48,46,76,60,43,47,72,59,72,69,49,67,47,68,37,"северный",40920
"53",100,100,100,100,100,100,100,100,100,100,100,100,100,100,100,100,97,"центральный",49594
"54",29,28,18,22,25,22,35,25,32,20,27,21,29,32,25,18,35,"южный",42698
"55",74,73,71,62,76,76,62,67,70,71,74,63,82,81,70,69,64,"северный",30821
"56",100,100,100,100,100,100,100,100,100,100,100,100,100,100,100,100,100,"северный",41500
"57",100,100,100,100,100,100,100,100,100,100,74,100,100,100,100,100,100,"северный",56872
"58",78,64,89,80,68,77,85,91,80,74,83,69,87,93,84,93,70,"северный",54773
"59",88,67,75,72,76,68,55,56,70,19,26,76,35,61,69,86,70,"южный",43901
"60",0,9,0,0,3,0,5,6,8,0,0,0,0,0,0,0,5,"северный",37258
"61",53,62,33,67,60,74,81,48,43,77,43,0,59,53,5,24,38,"южный",40280
"62",85,66,44,68,24,63,63,58,71,74,58,74,52,73,68,63,42,"северный",47421
"63",70,78,73,85,68,75,60,76,85,88,85,81,79,83,68,74,83,"южный",41488
"64",57,39,59,61,39,51,56,45,45,31,47,44,57,29,49,40,43,"северный",29513
"65",82,97,100,70,87,97,89,100,79,98,94,81,72,100,97,99,70,"южный",40268
"66",100,100,100,100,100,100,100,100,100,100,100,100,100,100,100,100,100,"центральный",51451
"67",88,67,100,100,100,100,100,91,86,100,100,100,89,100,100,82,100,"южный",35552
"68",95,100,100,100,100,100,100,100,92,100,100,100,100,100,100,95,100,"южный",48045
"69",51,30,36,46,67,38,25,38,27,51,0,43,25,34,42,52,38,"северный",9434.39711583778
"70",61,60,65,65,66,73,73,72,70,62,76,47,57,63,58,61,54,"южный",54712
"71",12,11,20,14,23,14,15,21,18,9,25,17,27,19,29,27,27,"северный",46215
"72",100,100,100,100,100,100,100,100,100,100,100,100,100,100,100,100,100,"северный",53960
"73",100,100,100,100,100,100,100,100,100,100,100,100,100,100,100,100,100,"северный",42597
"74",72,78,84,87,71,37,64,86,90,79,86,73,61,68,67,93,55,"центральный",35803
"75",100,100,100,100,100,100,100,100,100,100,100,100,100,100,100,100,100,"южный",48232
"76",100,89,69,54,44,50,55,51,67,75,58,63,68,43,67,64,47,"северный",21671
"77",4,5,0,0,0,6,0,4,0,0,0,3,0,0,8,34,0,"северный",16497
"78",4,0,0,0,0,0,0,0,0,0,0,0,0,0,0,0,0,"южный",10346.4021212421
"79",28,39,14,13,7,9,12,23,12,23,6,10,28,6,18,17,16,"северный",9803.14150825143
"80",79,68,100,100,100,96,100,100,100,100,90,100,99,100,100,96,79,"центральный",52770
"81",78,66,80,75,69,68,78,75,69,83,62,93,68,72,67,72,80,"северный",25804
"82",100,100,100,100,100,100,100,100,100,100,100,96,100,100,100,100,100,"южный",52490
"83",48,17,4,30,43,13,30,23,32,66,48,36,7,40,14,66,23,"центральный",45607
"84",61,61,61,46,45,70,74,52,64,90,86,48,54,69,81,100,75,"центральный",46336
"85",100,77,100,96,100,70,75,77,100,83,100,100,100,80,98,75,89,"северный",55403
"86",0,0,19,9,9,0,35,0,1,1,0,0,7,0,17,4,6,"южный",30048
"87",55,61,90,91,66,55,47,71,81,73,86,74,51,91,63,100,79,"южный",32118
"88",12,20,72,22,42,0,55,34,7,27,44,30,42,26,37,32,97,"южный",29508
"89",87,100,100,100,93,59,91,100,100,100,100,79,100,100,88,97,100,"южный",41615
"90",100,100,100,100,100,100,100,78,72,100,100,100,100,73,100,100,100,"центральный",47325
"91",29,23,11,18,16,13,22,24,19,31,36,0,0,29,27,6,2,"южный",17996
"92",0,0,0,0,0,0,1,0,0,0,0,0,0,0,0,0,0,"центральный",9048.31956094131
"93",100,100,100,100,100,100,100,96,100,100,100,81,100,100,100,100,100,"центральный",34836
"94",66,72,46,59,56,48,60,51,60,65,49,42,51,44,60,68,40,"центральный",37481
"95",50,38,53,59,45,46,41,53,45,38,51,45,51,51,47,49,46,"южный",44267
"96",0,0,0,0,0,0,0,0,0,0,0,0,0,0,0,0,0,"южный",19852
"97",56,72,52,41,23,47,52,37,40,56,26,37,45,33,36,25,52,"южный",45855
"98",0,0,0,0,0,0,0,0,0,0,0,0,0,0,0,0,0,"северный",16406
"99",32,44,37,21,25,50,22,13,16,15,15,31,17,31,27,31,5,"центральный",23537
"100",0,0,0,0,6,0,0,0,0,0,0,0,0,0,0,0,0,"центральный",22686
"101",94,98,82,89,77,93,82,100,81,88,89,96,87,91,81,89,96,"северный",21108
"102",60,73,60,66,72,66,55,66,67,58,71,71,61,74,64,61,67,"северный",34320
"103",100,100,100,100,100,100,100,100,100,100,100,100,100,100,100,100,100,"северный",30276
"104",0,0,0,0,0,0,0,0,0,0,0,0,0,0,0,0,0,"центральный",9923.03242534399
"105",3,0,0,7,0,0,0,0,0,0,0,0,2,0,0,3,0,"северный",27585
"106",87,97,91,73,74,100,87,100,87,100,100,100,82,100,99,86,91,"южный",40662
"107",83,51,59,59,50,55,67,57,64,69,53,47,50,51,57,51,57,"северный",22624
"108",27,42,18,7,2,6,41,41,33,37,20,12,0,40,20,27,64,"северный",42062
"109",53,58,53,68,64,56,49,61,49,60,64,68,64,55,58,57,51,"северный",10483.9591081254
"110",83,60,51,58,60,66,70,31,66,58,58,42,48,45,42,44,44,"южный",35991
"111",100,100,100,100,100,100,100,100,100,100,100,100,100,100,100,100,100,"центральный",32992
"112",96,80,100,91,100,83,98,85,93,79,98,100,100,96,91,100,86,"северный",58146
"113",100,91,100,100,92,100,85,100,89,100,100,97,100,100,95,76,100,"северный",48657
"114",44,60,100,84,85,62,100,88,53,79,51,70,56,78,81,76,54,"центральный",42082
"115",100,100,100,100,100,100,100,100,100,100,100,100,100,100,100,100,100,"центральный",42392
"116",86,62,73,96,100,87,91,83,73,79,100,95,72,79,68,82,86,"южный",48199
"117",40,17,8,32,33,33,0,28,3,12,37,4,29,46,47,18,28,"южный",36014
"118",41,30,38,30,42,27,13,42,46,32,34,50,35,23,34,19,24,"южный",44014
"119",62,46,28,25,45,50,17,44,63,56,69,45,52,56,21,39,59,"южный",26940
"120",50,42,46,47,71,56,58,29,33,55,52,61,43,45,45,58,71,"южный",31173
"121",81,47,92,65,94,67,62,73,31,40,87,41,80,21,71,66,52,"северный",18204
"122",14,40,0,8,6,31,12,11,1,44,19,0,32,20,0,19,28,"северный",13118
"123",43,42,40,42,45,42,42,35,40,41,44,41,39,37,37,40,31,"центральный",14957
"124",55,54,76,69,73,60,59,79,72,74,66,52,62,67,60,61,60,"северный",34673
"125",69,34,38,87,83,100,89,100,84,49,64,74,69,93,63,96,95,"северный",78038
"126",0,5,5,5,5,0,0,0,0,12,2,8,6,0,10,2,0,"южный",13547
"127",79,91,68,87,68,87,84,83,81,66,67,81,80,69,87,86,91,"центральный",24995
"128",8,22,14,22,27,42,41,27,6,46,0,14,2,37,16,31,0,"южный",43149
"129",87,85,77,77,82,75,80,75,94,84,100,82,83,100,82,82,80,"северный",22360
"130",29,18,13,22,26,29,33,12,28,0,15,13,42,0,13,21,65,"центральный",31411
"131",52,55,87,100,94,81,46,69,72,81,85,61,75,68,50,88,100,"северный",38590
"132",82,90,56,82,82,72,85,75,65,100,60,100,92,97,81,78,97,"северный",45639
"133",0,20,0,1,0,24,0,0,0,0,0,9,0,0,0,0,0,"южный",14828
"134",79,87,86,87,100,54,68,75,88,72,85,90,76,81,79,76,74,"центральный",29169
"135",100,100,100,100,100,100,100,100,100,100,100,100,100,100,100,100,100,"центральный",67188
"136",100,100,91,100,100,100,74,88,100,100,100,89,100,100,100,88,99,"центральный",39757
"137",13,13,0,16,4,25,29,40,14,14,21,21,45,16,6,37,21,"центральный",27514
"138",100,100,100,96,100,100,86,94,90,100,96,100,100,83,100,90,93,"южный",19590
"139",88,100,77,53,85,71,73,77,100,69,72,97,73,59,84,79,66,"южный",38985
"140",39,11,19,15,11,26,30,3,1,16,38,5,48,31,33,33,19,"северный",27432
"141",100,72,70,72,99,65,100,62,70,76,94,100,89,62,78,100,78,"северный",29369
"142",86,87,93,98,94,89,93,93,92,90,81,91,89,98,89,90,84,"южный",39612
"143",100,100,100,100,100,99,100,100,98,100,100,100,100,99,100,100,100,"южный",53360
"144",95,66,64,99,100,79,73,61,60,81,81,85,41,72,67,100,55,"центральный",36287
"145",0,0,6,0,0,0,0,0,0,14,0,8,4,17,2,0,29,"северный",22891
"146",60,65,75,83,73,61,85,79,83,78,74,100,66,66,58,80,62,"центральный",39626
"147",56,52,87,70,74,66,59,71,76,83,70,59,73,55,60,67,82,"центральный",35645
"148",63,32,28,14,23,27,26,35,49,11,43,35,23,47,52,52,31,"центральный",27173
"149",53,43,48,1,34,46,20,48,21,31,28,35,36,40,24,26,40,"южный",34146
"150",36,29,25,22,9,17,9,28,40,35,10,10,18,8,32,17,0,"северный",32256
"151",0,0,0,0,0,0,0,0,0,0,0,0,0,7,0,5,0,"северный",21028
"152",51,49,59,50,57,59,50,51,50,50,57,48,52,40,45,52,55,"южный",44779
"153",100,100,100,100,100,95,100,100,100,100,100,100,100,100,100,100,100,"центральный",46407
"154",56,45,52,46,52,75,41,49,90,55,47,65,49,73,65,78,67,"южный",35694
"155",100,100,100,100,100,100,100,100,100,100,100,100,100,100,100,100,100,"южный",44097
"156",63,71,54,47,71,98,80,71,81,78,85,60,66,91,100,50,64,"центральный",48996
"157",0,3,38,19,6,17,2,43,18,0,31,15,26,15,46,32,18,"центральный",26731
"158",100,100,100,100,100,100,100,100,100,100,100,100,100,100,100,100,97,"северный",48645
"159",100,32,69,73,46,37,59,87,77,70,65,31,63,53,69,79,71,"южный",39001
"160",79,80,89,75,67,69,89,74,87,78,80,86,77,78,74,69,76,"северный",37797
"161",58,67,59,58,58,72,67,49,60,60,71,56,57,62,65,65,57,"центральный",38512
"162",42,73,48,62,69,67,66,44,51,50,42,53,75,42,76,56,84,"южный",37148
"163",71,43,50,50,59,36,60,42,55,58,59,63,46,49,77,45,61,"южный",35468
"164",46,43,47,48,46,34,73,61,93,84,79,40,21,48,53,38,21,"южный",17719
"165",100,97,100,100,100,100,100,100,100,100,100,100,100,100,100,100,100,"северный",41139
"166",38,62,56,58,57,68,45,72,54,41,57,62,47,61,35,56,29,"северный",44416
"167",93,100,100,89,87,80,76,100,79,91,91,97,100,86,94,57,79,"центральный",54575
"168",10,8,1,4,8,12,11,0,6,0,0,20,0,0,1,9,11,"северный",24635
"169",43,40,46,45,40,67,81,66,71,66,92,29,53,44,17,32,10,"южный",43868
"170",47,53,45,55,54,44,57,52,54,41,52,45,48,47,54,47,50,"центральный",43193
"171",52,37,58,98,50,65,81,68,28,65,41,21,50,49,42,37,44,"южный",62223
"172",59,87,72,53,42,92,93,64,93,83,89,98,76,100,48,72,28,"центральный",36543
"173",52,63,62,68,60,59,71,53,68,55,44,58,54,64,69,64,53,"южный",30579
"174",64,92,72,54,57,55,58,71,68,83,58,54,82,75,80,72,61,"южный",38079
"175",100,100,91,63,95,81,72,100,59,82,95,61,83,76,68,98,100,"северный",31954
"176",59,58,61,61,66,56,55,54,59,58,61,50,59,46,61,58,59,"северный",49687
"177",56,63,73,60,66,53,64,73,62,79,74,57,62,57,76,78,68,"южный",10715.8460710198
"178",2,0,0,0,11,2,3,0,8,7,17,7,26,23,32,0,14,"южный",10597.0521913841
"179",20,11,0,2,13,16,1,16,3,0,14,8,18,7,4,4,20,"центральный",28374
"180",0,0,4,0,0,0,0,0,0,0,0,0,0,0,0,0,0,"центральный",14027
"181",73,63,70,86,54,69,73,61,73,59,67,68,75,63,63,60,70,"центральный",33964
"182",22,20,28,36,31,24,19,17,36,33,32,13,18,16,36,20,22,"южный",31484
"183",100,100,100,100,100,100,100,96,100,100,98,100,100,100,100,100,100,"южный",42827
"184",97,100,100,100,100,100,100,100,100,100,100,100,100,100,100,100,100,"северный",42554
"185",59,66,46,58,60,58,90,50,67,64,55,45,71,72,82,67,64,"южный",30773
"186",0,0,0,0,0,0,0,0,0,0,0,0,0,0,0,0,0,"северный",28088
"187",50,55,43,30,47,42,40,50,46,49,53,49,56,47,55,53,56,"южный",26122
"188",37,52,40,47,51,35,43,68,62,67,23,65,53,42,42,55,50,"центральный",38037
"189",4,5,32,18,38,0,0,21,60,3,5,27,68,43,4,41,1,"центральный",43261
"190",48,50,59,66,56,55,53,60,47,62,54,52,37,32,47,70,57,"центральный",17315
"191",69,59,70,44,62,61,55,36,55,36,71,36,56,44,66,70,69,"южный",34697
"192",0,2,0,18,20,21,10,0,8,25,0,14,14,0,0,3,24,"южный",32740
"193",61,74,19,43,46,64,44,36,61,47,64,74,42,18,50,39,53,"южный",35971
"194",76,57,37,44,66,56,48,86,65,53,65,31,60,28,63,69,65,"северный",26117
"195",56,58,60,58,63,54,59,55,55,59,66,48,61,62,55,49,53,"центральный",34373
"196",51,86,40,100,39,95,84,63,36,59,44,66,75,52,84,51,37,"центральный",20513
"197",0,21,45,10,12,0,25,16,29,4,15,57,14,12,26,55,51,"южный",33170
"198",100,100,100,100,100,100,100,100,100,100,100,100,100,100,100,100,100,"центральный",51428
"199",95,70,80,81,92,99,84,92,73,78,95,75,100,77,65,91,72,"южный",34762
"200",88,94,100,100,94,92,90,89,76,100,88,91,93,100,88,89,99,"центральный",22084
"201",52,52,36,46,54,71,54,43,34,37,44,53,35,51,35,61,52,"северный",56346
"202",0,8,0,0,0,27,15,0,0,0,0,0,12,3,0,0,0,"центральный",21486
"203",67,64,62,68,54,63,58,45,74,68,52,68,59,71,60,82,70,"южный",40127
"204",1,7,13,20,19,32,5,23,5,6,17,20,26,16,9,26,11,"северный",34207
"205",41,32,50,60,40,64,54,46,55,26,9,34,48,14,36,27,51,"центральный",42729
"206",24,31,42,35,24,35,31,15,38,30,25,19,27,25,36,24,25,"южный",46568
"207",84,79,75,83,76,50,92,45,47,81,87,78,100,72,80,69,94,"центральный",18337
"208",64,93,38,64,23,77,66,66,83,80,40,56,100,100,81,43,66,"северный",50097
"209",91,74,86,89,84,90,100,52,100,81,89,62,82,70,65,71,77,"южный",70074
"210",9,0,10,0,13,0,0,0,26,0,0,0,0,0,10,0,0,"северный",13068
"211",100,100,100,100,100,100,100,100,100,100,100,100,100,93,100,100,100,"южный",79768
"212",100,100,100,100,100,100,100,100,100,100,100,100,100,100,100,100,100,"северный",42475
"213",31,32,36,18,6,32,0,21,0,0,21,23,35,32,22,13,0,"северный",12570
"214",2,0,2,0,0,0,0,9,0,5,7,2,0,5,0,0,0,"северный",11806
"215",30,47,37,39,30,41,36,26,35,47,49,39,43,43,38,43,31,"северный",15951
"216",14,75,42,52,3,5,42,13,29,22,54,39,31,48,30,58,50,"южный",20161
"217",0,0,0,0,0,0,0,0,0,0,0,0,0,0,0,0,0,"северный",20727
"218",5,0,0,0,0,0,0,0,1,18,0,0,0,5,7,0,5,"южный",22052
"219",100,91,77,85,100,100,100,77,100,99,100,100,100,92,100,90,100,"северный",38609
"220",97,100,100,78,100,99,84,81,90,100,88,76,100,100,74,82,97,"центральный",54829
"221",100,92,41,45,83,66,67,59,51,100,50,54,90,30,79,100,85,"южный",27408
"222",25,33,39,64,21,44,36,41,59,35,40,36,35,25,15,49,15,"центральный",29375
"223",29,19,23,21,20,24,20,17,18,15,12,28,23,16,19,14,10,"южный",22778
"224",49,56,35,54,45,58,41,49,52,56,58,49,54,34,47,53,53,"центральный",33069
"225",37,37,40,43,41,40,48,37,38,41,36,32,50,28,55,22,36,"южный",43872
"226",91,82,72,77,79,80,91,76,70,83,82,72,72,68,75,80,84,"центральный",45052
"227",44,43,51,36,53,48,40,47,53,55,47,39,47,44,45,46,39,"центральный",23383
"228",53,55,36,32,42,70,61,56,42,27,58,50,58,43,44,35,38,"южный",39802
"229",34,28,21,41,7,7,23,50,38,18,49,5,31,9,25,27,32,"северный",29323
"230",100,74,75,64,73,60,66,65,64,76,64,63,81,68,63,69,94,"южный",30898
"231",17,30,23,14,27,21,17,26,25,11,30,20,39,24,26,21,7,"южный",49959
"232",100,100,100,100,100,100,100,100,100,100,100,100,100,100,100,100,100,"южный",39524
"233",94,100,88,88,100,80,87,86,90,88,95,100,92,93,87,90,99,"южный",55641
"234",75,92,81,82,60,70,59,56,40,18,55,70,73,88,48,68,83,"южный",20598
"235",60,56,72,44,58,29,74,43,44,55,31,84,64,62,70,68,30,"южный",38290
"236",64,73,70,49,58,60,59,70,49,45,50,60,47,50,44,39,37,"центральный",12775
"237",43,51,33,37,37,44,52,34,37,51,44,47,43,29,29,33,41,"южный",19774
"238",13,24,27,18,8,33,34,30,14,28,27,20,35,32,14,35,24,"центральный",9961.42707159743
"239",46,84,54,47,51,53,73,75,51,42,15,40,28,58,61,86,39,"центральный",17490
"240",100,100,100,100,100,100,100,100,100,100,100,100,91,100,100,100,100,"центральный",51599
"241",100,100,78,83,100,100,100,100,92,83,100,90,100,100,52,100,87,"центральный",61014
"242",88,63,81,82,92,81,88,69,75,86,97,81,78,94,77,76,74,"южный",59113
"243",32,11,22,21,9,28,6,10,3,18,18,25,15,21,10,9,8,"северный",19232
"244",12,0,6,6,0,2,0,0,0,0,0,12,2,1,0,8,0,"северный",9055.43377436697
"245",92,100,100,100,83,100,99,100,84,100,83,100,70,100,92,100,100,"южный",45916
"246",42,37,42,44,6,44,25,44,37,19,0,49,29,44,45,49,32,"центральный",31937
"247",99,100,100,92,89,100,100,67,60,100,84,100,90,77,100,83,100,"южный",41648
"248",35,32,23,34,30,38,45,41,41,35,31,24,18,23,29,39,29,"центральный",31588
"249",18,17,33,14,40,29,47,16,27,37,29,51,28,31,43,38,25,"южный",30966
"250",41,58,51,57,62,57,43,66,60,72,31,35,73,83,64,61,57,"центральный",16387
"251",69,55,44,49,45,56,64,33,36,21,73,30,45,30,84,40,25,"южный",49615
"252",30,33,38,42,41,46,33,41,43,20,43,37,35,27,22,10,23,"центральный",29334
"253",75,77,81,87,80,75,85,67,83,71,99,81,69,94,78,75,69,"центральный",59772
"254",47,100,40,60,73,63,41,56,72,48,51,64,61,38,52,13,50,"центральный",17235
"255",80,82,96,78,65,80,85,57,61,43,78,77,85,31,70,100,88,"центральный",24365
"256",37,40,39,13,25,29,41,23,35,25,52,34,43,8,34,46,37,"центральный",47102
"257",100,100,100,100,100,100,100,100,100,100,100,100,100,100,100,100,100,"северный",49482
"258",95,100,99,100,100,89,99,100,100,100,93,100,100,99,100,100,100,"центральный",45772
"259",20,0,29,0,3,28,1,0,4,16,4,21,31,12,7,4,7,"северный",10966.9320322573
"260",52,39,68,56,39,44,50,64,52,65,56,69,59,68,64,73,35,"северный",46516
"261",57,45,53,53,44,58,49,52,44,38,48,51,49,65,64,68,43,"северный",36593
"262",17,19,14,25,18,22,19,17,18,8,27,15,17,25,22,16,15,"северный",19782
"263",88,77,74,75,75,63,61,74,77,69,72,64,77,83,64,57,55,"центральный",42232
"264",5,2,0,0,0,1,0,10,2,11,3,9,19,13,17,0,0,"центральный",10718.0652078241
"265",40,45,50,26,60,63,39,32,24,36,34,40,46,42,29,29,50,"центральный",15606
"266",40,43,40,43,27,49,33,37,44,36,12,44,41,36,39,40,37,"северный",25707
"267",40,35,56,58,28,46,51,51,43,50,25,61,56,74,41,39,58,"центральный",30728
"268",100,100,100,100,100,100,100,100,100,100,100,100,100,100,100,100,100,"центральный",26677
"269",77,61,73,62,77,69,93,71,80,86,65,74,90,80,70,78,85,"центральный",49947
"270",3,17,9,14,12,7,15,4,7,14,8,16,6,15,7,10,11,"центральный",30889
"271",100,99,95,100,100,93,100,100,99,100,100,100,100,96,98,100,100,"центральный",39286
"272",23,34,66,35,35,38,51,24,32,40,48,38,51,20,36,48,23,"северный",17332
"273",100,100,100,100,100,100,100,100,100,100,91,100,100,100,100,100,100,"южный",53392
"274",100,77,83,92,79,79,70,89,88,100,100,80,85,90,73,91,76,"центральный",9509.76143032312
"275",73,76,53,64,57,78,67,74,63,66,65,57,62,77,78,60,76,"южный",53952
"276",7,38,23,13,30,58,0,14,42,26,11,17,46,23,46,12,35,"южный",30988
"277",29,26,29,30,25,28,27,35,15,32,14,21,44,28,29,25,36,"центральный",32656
"278",75,55,63,76,64,64,80,63,69,64,61,70,59,69,64,69,60,"южный",37441
"279",0,0,0,0,0,0,0,6,0,0,0,0,0,0,0,0,13,"центральный",10849
"280",100,89,86,90,98,78,60,76,80,97,77,91,88,92,91,100,81,"северный",28745
"281",0,10,11,0,3,0,4,0,0,10,28,0,0,0,0,0,10,"центральный",30998
"282",90,78,85,83,99,92,78,81,77,96,87,77,92,79,86,85,77,"центральный",40899
"283",46,41,50,39,42,39,60,55,60,57,45,59,39,38,47,46,47,"северный",41775
"284",0,0,0,0,0,0,0,0,0,0,0,0,0,0,0,0,0,"южный",19802
"285",0,0,0,0,0,0,0,0,0,0,0,0,0,0,0,0,0,"северный",24005
"286",58,66,43,55,43,42,55,86,49,65,52,61,92,67,67,68,82,"центральный",42689
"287",85,66,100,87,62,97,80,100,89,76,93,81,65,77,97,77,61,"южный",57885
"288",44,69,31,54,63,63,48,67,46,59,54,92,55,74,65,68,96,"северный",30584
"289",0,5,10,0,17,16,1,15,0,0,11,0,6,11,0,23,2,"центральный",24554
"290",5,10,0,0,0,1,18,3,0,0,0,0,0,4,0,16,0,"центральный",10275.431196671
"291",100,100,93,90,100,100,100,100,100,100,100,98,100,100,93,92,100,"северный",53340
"292",44,58,53,53,62,61,66,56,60,46,62,48,49,55,59,58,51,"южный",24045
"293",100,100,100,100,100,100,100,100,100,100,100,100,100,100,100,100,100,"южный",44302
"294",19,0,12,0,29,0,1,3,0,0,0,0,0,0,0,0,0,"южный",10718.5922814533
"295",100,100,100,100,100,100,100,100,100,100,100,100,100,100,100,100,100,"южный",43400
"296",100,100,100,100,100,100,100,100,100,100,100,100,100,100,97,100,100,"северный",55474
"297",3,14,25,58,61,20,25,57,24,40,50,31,38,14,17,12,18,"южный",37871
"298",79,41,69,58,53,65,46,52,53,49,34,66,42,68,66,46,71,"южный",65687
"299",35,40,30,29,38,48,32,29,41,33,36,38,34,44,49,26,41,"северный",27662
"300",67,66,70,75,67,70,72,69,74,71,72,61,72,78,76,65,71,"южный",49141
"301",14,18,25,15,3,26,9,16,33,24,30,27,24,39,11,14,26,"северный",11606
"302",64,71,63,71,75,59,67,66,74,64,75,69,80,60,74,56,77,"южный",41564
"303",45,49,52,63,54,43,54,47,52,53,61,47,57,58,65,52,57,"центральный",26623
"304",100,100,89,95,91,100,94,92,100,100,93,97,100,100,100,99,96,"северный",73198
"305",96,99,95,77,100,100,88,100,100,92,94,100,97,100,98,100,100,"южный",53439
"306",54,48,66,91,66,70,75,74,72,69,96,62,68,55,100,49,67,"северный",46127
"307",64,58,78,74,72,71,91,77,80,73,57,63,70,65,86,55,65,"северный",39748
"308",39,99,72,77,32,94,75,65,76,100,77,100,38,100,100,40,91,"центральный",53294
"309",52,48,38,49,50,47,50,46,41,51,36,60,51,58,64,57,51,"северный",26941
"310",35,0,19,41,16,14,25,13,38,32,47,38,35,25,25,43,32,"центральный",39856
"311",0,1,0,0,0,1,15,0,5,0,24,0,0,0,6,15,20,"центральный",13642
"312",34,19,35,47,30,77,69,12,37,46,75,53,28,57,66,28,58,"центральный",45191
"313",0,0,0,0,0,0,0,0,0,0,0,0,0,0,0,0,0,"южный",16869
"314",87,100,100,90,94,67,74,100,74,74,88,70,78,96,91,91,57,"центральный",34596
"315",67,75,63,63,76,71,65,63,72,80,75,65,70,71,76,58,77,"южный",45469
"316",100,100,100,100,100,100,100,100,100,100,100,100,100,100,100,100,100,"северный",57386
"317",100,100,100,92,99,99,90,86,80,94,100,89,94,91,90,91,77,"центральный",41885
"318",75,89,96,81,72,86,87,86,84,83,85,77,77,83,81,76,83,"южный",50437
"319",97,94,90,95,100,92,96,100,94,83,98,84,85,100,91,92,93,"центральный",45914
"320",100,100,100,100,100,100,100,100,100,100,100,100,100,100,100,89,100,"северный",40755
"321",100,100,93,100,100,100,100,100,93,100,75,88,84,100,100,76,99,"центральный",49677
"322",11,21,13,33,13,0,15,36,57,57,66,27,8,61,46,27,63,"центральный",15458
"323",89,88,78,90,89,81,100,78,84,82,87,88,87,83,90,91,92,"северный",39153
"324",86,61,83,76,75,86,78,96,75,100,81,85,82,100,92,60,70,"северный",32259
"325",85,100,99,100,74,100,74,100,68,82,100,100,68,66,81,96,84,"северный",33571
"326",4,0,19,0,0,11,0,12,4,3,2,8,14,0,0,0,12,"южный",24834
"327",88,86,83,98,74,79,80,75,91,87,90,85,72,80,90,81,100,"южный",26902
"328",35,59,25,37,21,46,8,29,0,3,0,21,60,10,19,34,29,"центральный",36196
"329",62,71,54,72,67,84,57,53,64,67,77,68,58,72,55,66,73,"северный",39961
"330",86,90,90,100,96,100,85,89,70,97,92,91,96,90,92,86,100,"северный",45839
"331",0,28,35,56,42,0,23,52,17,30,26,22,43,28,5,18,32,"южный",27681
"332",45,58,69,70,84,64,52,83,45,52,64,75,73,100,65,70,62,"южный",33164
"333",36,59,45,31,52,38,42,63,31,50,28,51,40,47,49,38,49,"северный",31628
"334",99,77,96,86,96,89,99,100,87,100,86,100,97,100,100,100,81,"северный",44598
"335",100,100,100,100,100,100,100,100,100,100,100,100,100,100,100,100,100,"северный",51532
"336",28,38,34,44,28,51,22,20,50,21,38,40,26,47,55,22,52,"центральный",22572
"337",89,100,62,85,87,78,98,77,69,62,100,82,100,76,94,100,100,"южный",53060
"338",61,47,56,54,47,66,36,59,52,50,52,53,47,49,51,59,40,"центральный",35340
"339",83,100,79,79,93,63,100,56,100,75,97,100,88,77,89,100,92,"северный",47078
"340",37,18,5,46,43,13,13,0,36,22,10,36,8,20,15,42,14,"центральный",26535
"341",100,100,100,100,100,94,100,100,100,93,100,96,97,97,94,100,100,"северный",53639
"342",59,60,45,59,45,52,49,56,67,69,65,59,73,64,55,76,63,"южный",24438
"343",100,100,100,100,100,100,100,100,100,100,100,100,100,100,100,100,100,"южный",42657
"344",100,100,100,100,100,100,100,100,100,100,100,100,100,100,100,100,100,"северный",54009
"345",0,5,0,0,0,0,0,0,0,0,0,13,5,0,2,2,0,"южный",29994
"346",73,100,100,89,100,100,100,93,93,88,91,99,98,94,68,100,88,"центральный",54535
"347",0,0,0,0,0,0,0,0,0,0,0,0,0,0,0,0,0,"северный",12786
"348",100,63,100,88,100,100,89,86,100,100,68,99,86,100,79,55,95,"северный",62684
"349",43,10,35,45,31,27,62,42,48,70,56,26,66,40,29,87,45,"центральный",38107
"350",79,100,70,97,73,100,100,85,100,97,100,84,78,92,100,82,100,"центральный",50533
"351",100,100,100,100,100,100,100,100,100,100,100,100,100,100,100,100,100,"южный",64355
"352",100,100,98,79,100,100,100,100,100,100,100,100,100,87,100,96,99,"северный",57531
"353",41,77,57,62,36,58,65,88,61,54,75,77,77,63,86,49,89,"южный",36918
"354",90,79,100,94,72,90,85,88,100,91,100,100,100,98,100,83,100,"северный",41771
"355",77,73,100,79,78,86,99,86,83,89,83,100,84,100,73,83,96,"северный",48141
"356",95,92,100,95,80,86,69,96,75,87,86,100,83,87,88,91,84,"северный",34521
"357",22,31,9,18,17,16,23,18,16,13,23,19,11,16,13,20,13,"северный",33261
"358",25,30,29,36,29,24,20,27,0,0,26,8,19,0,0,49,10,"южный",28281
"359",19,0,1,0,9,15,7,11,0,18,7,0,13,24,16,0,0,"северный",34557
"360",78,65,57,77,59,63,69,73,66,60,76,68,68,55,72,60,70,"южный",56036
"361",26,24,49,31,54,10,24,54,37,45,28,41,17,35,32,34,41,"центральный",29572
"362",79,78,65,88,61,78,90,76,63,79,80,88,77,81,68,79,71,"северный",56151
"363",100,100,87,100,97,100,100,100,100,100,98,93,100,100,96,91,100,"южный",42229
"364",59,70,56,46,58,54,45,55,52,54,55,42,57,60,53,52,58,"северный",38172
"365",45,50,67,43,35,62,39,51,34,47,38,45,52,28,39,29,95,"северный",47397
"366",97,84,73,100,100,95,100,88,67,69,97,100,86,88,100,80,87,"южный",44178
"367",59,68,57,55,59,53,54,44,24,41,72,51,38,57,54,56,52,"южный",23626
"368",79,69,60,73,80,100,70,64,58,52,93,51,62,68,70,60,67,"центральный",50411
"369",64,48,52,69,56,48,49,48,61,48,47,66,42,58,61,59,59,"северный",39715
"370",58,54,69,56,62,37,56,71,64,71,69,74,57,45,59,67,69,"северный",39311
"371",50,55,61,65,76,82,50,62,68,67,58,80,60,79,59,55,64,"центральный",37958
"372",100,100,100,88,95,100,88,100,95,100,100,100,76,100,100,98,84,"центральный",58043
"373",49,43,54,40,56,41,57,36,47,50,38,53,45,41,32,51,43,"северный",46351
"374",0,0,0,0,0,0,0,0,0,0,0,0,1,0,0,0,0,"центральный",25243
"375",90,88,99,99,100,92,100,100,100,100,89,92,100,86,100,100,99,"северный",45977
"376",58,69,52,72,47,62,31,21,30,56,43,72,40,30,52,31,38,"северный",30067
"377",100,89,100,88,100,100,100,100,100,100,100,100,100,100,100,100,96,"северный",42439
"378",84,78,72,74,52,60,71,59,72,64,42,81,67,73,67,74,77,"южный",42645
"379",77,100,74,99,83,84,75,93,66,69,88,61,87,73,100,78,81,"центральный",49012
"380",100,100,100,100,100,100,100,100,100,100,100,100,100,100,100,100,100,"центральный",44144
"381",0,0,0,6,10,5,0,0,0,12,0,0,16,24,28,12,15,"южный",21717
"382",45,77,56,42,59,47,56,56,57,65,50,74,64,64,51,62,68,"южный",35715
"383",41,45,40,49,48,61,60,54,41,69,63,55,54,36,65,44,27,"северный",14996
"384",56,60,49,54,55,61,37,74,65,69,62,52,50,62,55,64,33,"северный",29214
"385",96,87,73,69,77,90,79,93,83,66,86,71,90,100,90,67,100,"центральный",49474
"386",100,100,100,100,100,100,100,100,100,100,100,100,100,100,100,100,100,"северный",45507
"387",91,62,40,71,42,39,74,56,72,60,74,41,52,52,69,100,15,"северный",24531
"388",0,0,0,0,0,0,4,0,0,0,0,0,0,1,0,0,4,"центральный",20091
"389",54,21,34,48,59,67,47,33,56,40,50,45,50,31,66,58,45,"южный",55065
"390",83,82,88,84,86,92,82,79,91,80,91,91,86,81,78,85,77,"центральный",34329
"391",100,100,100,100,100,100,100,100,100,100,100,100,100,100,100,100,100,"северный",59898
"392",80,78,100,68,64,79,83,100,100,100,98,87,66,98,86,100,100,"центральный",47363
"393",84,79,99,83,100,95,100,95,100,85,100,92,79,100,93,85,100,"северный",64262
"394",42,32,27,39,33,11,14,10,33,31,25,23,21,39,36,7,27,"южный",19085
"395",54,76,84,80,58,76,64,72,81,75,67,60,78,78,74,70,73,"южный",43585
"396",49,60,64,56,71,59,54,56,70,61,66,58,72,63,64,75,71,"северный",45411
"397",91,100,82,98,100,87,98,88,93,95,98,88,97,99,94,87,90,"центральный",54446
"398",45,45,84,62,64,75,73,46,74,58,39,62,54,48,69,76,62,"северный",51519
"399",77,76,73,72,74,72,70,62,79,70,72,56,63,78,75,75,70,"северный",41175
"400",14,43,39,56,64,51,34,39,23,51,46,23,53,49,53,51,57,"северный",25692
"401",20,26,35,34,14,16,44,41,6,35,0,24,9,14,29,28,28,"северный",37198
"402",40,24,30,36,58,61,75,38,63,41,52,17,20,30,63,33,49,"северный",64801
"403",66,75,91,80,49,77,45,78,82,48,94,68,54,65,75,78,62,"южный",29505
"404",1,0,17,33,4,0,24,0,10,11,0,0,0,0,12,23,10,"южный",15034
"405",18,20,27,14,29,5,16,0,7,0,10,30,0,1,12,15,4,"центральный",14944
"406",66,66,57,83,53,66,63,74,78,59,79,100,56,78,87,95,71,"северный",31169
"407",86,75,89,100,100,97,100,100,70,100,95,97,76,83,93,88,82,"южный",36026
"408",10,3,0,6,8,3,1,13,0,1,12,13,11,0,5,0,18,"южный",15468
"409",81,72,49,67,80,83,82,71,75,81,84,75,69,51,64,89,79,"центральный",30016
"410",96,91,99,100,93,100,100,100,100,69,90,98,73,100,84,100,72,"северный",60529
"411",76,86,49,85,74,71,59,66,65,71,80,56,67,53,66,75,89,"северный",29631
"412",100,100,100,100,100,100,100,100,100,100,100,100,100,100,91,100,100,"северный",24533
"413",49,26,38,77,58,54,72,94,58,63,47,99,33,100,82,44,100,"центральный",30145
"414",57,71,89,65,71,86,74,82,75,73,75,79,68,78,100,60,72,"северный",54682
"415",93,86,85,92,93,98,97,100,87,99,91,100,92,88,92,88,100,"южный",51743
"416",90,100,100,100,100,87,97,100,100,100,100,100,100,89,100,100,100,"центральный",39754
"417",64,53,63,57,63,63,58,54,48,47,56,51,49,68,48,57,69,"центральный",24741
"418",100,100,92,93,100,96,91,100,100,100,78,100,97,100,97,94,100,"южный",50799
"419",24,57,37,44,51,41,62,58,50,45,60,45,46,50,65,61,35,"центральный",24728
"420",72,83,100,50,71,100,99,50,77,100,90,88,85,89,59,82,70,"центральный",54640
"421",52,22,52,42,26,55,37,39,34,25,24,32,23,46,30,41,39,"северный",10184.3577241525
"422",100,100,82,90,100,77,100,100,89,99,100,100,100,87,100,100,80,"центральный",34741
"423",67,75,32,76,50,65,81,70,72,51,61,68,55,44,67,79,40,"северный",44765
"424",28,2,37,22,37,22,69,30,43,16,35,6,34,11,19,30,30,"южный",34864
"425",26,55,63,43,59,88,28,39,58,67,59,59,42,36,59,40,65,"северный",33222
"426",25,52,49,44,8,30,35,31,0,16,28,47,31,47,27,47,40,"северный",25154
"427",71,49,71,14,52,52,43,40,64,53,54,18,54,19,75,62,33,"центральный",22930
"428",48,33,20,14,39,46,63,20,35,45,31,39,19,24,45,7,45,"северный",46657
"429",93,80,92,100,70,85,100,94,100,100,100,85,81,100,59,57,43,"южный",36231
"430",100,100,100,69,100,67,100,75,100,100,74,100,86,81,100,100,100,"северный",34887
"431",98,100,86,100,100,81,100,76,95,89,100,100,100,100,93,100,100,"южный",58637
"432",0,0,0,0,12,0,6,4,0,2,4,12,10,5,1,0,0,"центральный",25043
"433",0,0,0,0,2,1,0,0,0,0,3,0,0,0,0,8,7,"центральный",10739.6245948039
"434",50,67,61,53,55,60,50,48,54,59,52,65,43,68,54,63,57,"южный",34281
"435",78,79,73,73,57,74,39,64,65,57,92,68,79,83,47,65,61,"северный",25712
"436",29,26,22,28,4,26,30,11,27,7,37,22,0,30,14,12,5,"северный",37579
"437",63,62,84,85,89,77,35,65,59,80,59,74,84,78,65,76,52,"центральный",29138
"438",50,49,93,100,50,70,69,46,64,82,52,58,46,48,74,14,82,"южный",32714
"439",79,65,51,65,49,41,65,43,59,45,67,47,56,39,46,11,45,"центральный",23265
"440",16,9,35,24,5,27,11,13,17,15,25,0,11,24,20,26,22,"южный",31006
"441",59,57,100,82,47,91,100,43,24,76,36,69,100,56,57,51,76,"южный",36528
"442",96,83,93,100,94,93,94,85,89,87,97,74,99,97,95,91,96,"южный",43948
"443",99,82,91,100,81,52,58,82,62,89,83,88,100,82,74,74,91,"центральный",33729
"444",33,8,37,19,23,46,16,30,8,15,25,39,27,29,0,27,0,"центральный",24254
"445",7,1,13,12,15,9,11,10,16,5,1,14,3,14,3,4,2,"южный",23769
"446",76,92,100,94,94,74,82,63,67,89,71,71,72,80,81,80,71,"северный",42270
"447",100,98,69,100,75,100,93,89,85,100,94,66,75,83,64,82,81,"южный",42489
"448",67,85,64,79,63,81,61,72,66,67,66,62,70,79,66,65,68,"центральный",30722
"449",35,27,57,56,42,47,63,55,50,34,68,30,32,38,41,40,74,"южный",50879
"450",37,40,33,12,25,0,28,32,35,22,32,34,11,24,49,36,20,"южный",24866
"451",16,1,9,34,36,0,0,16,19,7,15,21,13,22,35,19,21,"южный",19734
"452",100,100,100,98,100,100,100,100,98,100,100,100,100,100,100,100,100,"центральный",39230
"453",100,100,100,100,100,100,100,100,100,100,100,100,100,100,100,100,100,"южный",49460
"454",87,64,61,67,68,71,68,79,69,78,73,71,62,68,77,77,81,"северный",43221
"455",77,85,94,92,93,100,56,69,100,83,75,61,89,100,66,56,70,"северный",43891
"456",42,35,51,41,26,57,20,52,44,34,50,54,34,53,15,27,64,"центральный",24214
"457",26,38,34,44,1,38,40,20,33,46,17,4,32,42,26,18,23,"южный",10900.9417435154
"458",48,27,27,60,73,81,44,46,90,46,65,55,70,24,42,57,82,"северный",38829
"459",100,100,99,90,100,98,100,74,100,100,100,100,95,100,100,88,80,"северный",60773
"460",55,68,58,68,65,70,67,57,58,64,76,51,73,72,69,67,64,"центральный",39160
"461",100,100,100,100,100,100,100,100,100,100,100,100,100,100,100,100,100,"южный",21639
"462",79,70,79,89,86,86,68,79,99,81,80,78,86,80,87,95,92,"северный",49677
"463",94,100,97,90,82,93,88,92,86,90,89,82,91,85,86,88,75,"центральный",57043
"464",52,39,60,43,40,40,31,36,35,38,42,42,49,43,50,43,31,"северный",42106
"465",20,0,0,0,0,19,0,3,0,0,0,2,4,0,4,0,0,"южный",35757
"466",41,33,42,38,52,55,17,58,0,54,52,15,45,30,42,36,15,"центральный",23046
"467",30,37,23,34,25,32,27,24,36,22,28,30,17,13,27,37,32,"южный",19759
"468",36,40,52,50,44,33,66,48,53,44,44,63,55,54,51,43,55,"северный",29166
"469",26,33,38,12,33,5,25,17,28,15,34,14,2,25,2,0,24,"северный",14345
"470",71,90,61,75,61,64,59,69,63,66,67,80,63,70,42,48,62,"южный",21872
"471",5,12,17,15,16,14,0,4,4,7,18,10,8,14,19,27,13,"северный",26488
"472",48,42,1,8,0,23,34,52,21,11,19,24,28,8,50,0,15,"северный",36949
"473",84,85,86,79,84,75,82,78,75,80,82,82,82,76,96,75,79,"южный",44209
"474",48,71,42,51,58,43,49,59,48,53,63,45,36,50,45,61,51,"южный",33983
"475",90,67,88,87,88,100,100,92,63,100,86,97,93,82,100,94,78,"северный",47914
"476",49,55,65,70,80,60,57,58,55,70,71,60,70,74,71,60,73,"северный",43413
"477",57,2,53,17,36,34,32,37,39,53,19,23,46,53,35,38,41,"центральный",14418
"478",79,77,63,81,80,84,74,77,74,79,76,84,80,73,81,80,83,"северный",46562
"479",19,19,29,0,21,6,30,20,14,24,12,4,17,11,7,0,15,"южный",22653
"480",52,48,38,37,52,51,58,41,54,56,44,47,47,46,67,73,35,"северный",36650
"481",6,0,0,0,0,0,0,0,11,0,0,14,27,7,0,0,7,"южный",9457
"482",67,34,45,80,71,50,85,82,84,53,66,65,50,70,56,86,37,"южный",42654
"483",68,83,86,55,80,55,71,63,56,46,100,80,61,59,65,89,40,"центральный",17112
"484",100,100,100,100,100,100,100,100,100,100,100,89,98,100,97,100,100,"центральный",54747
"485",92,100,90,100,100,100,100,100,87,100,100,97,100,100,89,100,100,"южный",57440
"486",46,48,50,47,35,44,52,29,35,55,45,44,48,56,32,43,41,"южный",9742.01976694167
"487",82,100,89,100,100,91,76,99,99,87,100,100,55,99,100,88,91,"южный",48874
"488",57,59,49,52,50,58,55,50,56,55,46,55,49,50,39,59,45,"центральный",31775
"489",27,33,34,33,44,35,39,33,29,44,30,38,44,33,42,31,40,"южный",50908
"490",63,100,84,62,73,68,88,80,90,100,80,81,84,80,80,71,58,"центральный",32734
"491",100,100,100,100,100,100,92,86,87,100,98,91,100,91,74,100,100,"северный",39505
"492",45,43,37,51,50,55,45,52,48,43,40,60,50,44,54,41,48,"северный",37472
"493",85,98,82,85,87,98,71,82,95,84,80,67,77,96,92,91,100,"северный",47511
"494",6,9,18,23,18,23,0,0,2,0,0,9,20,5,0,0,7,"северный",30437
"495",80,60,77,84,57,64,90,58,84,69,74,70,49,89,64,89,82,"северный",35011
"496",100,100,86,68,100,100,99,90,92,100,100,100,93,100,75,81,98,"южный",59792
"497",75,85,85,81,67,84,71,75,68,72,51,72,85,72,73,81,83,"северный",35632
"498",27,21,15,53,35,25,21,56,0,20,10,22,31,20,34,27,0,"центральный",12340
"499",0,47,36,64,47,11,25,34,16,6,37,35,36,17,14,24,55,"южный",25575
"500",100,100,100,100,100,100,100,100,100,100,100,100,100,100,100,100,100,"центральный",54493
"501",9,33,7,32,0,0,18,0,6,1,0,0,7,12,5,0,0,"центральный",16287
"502",100,100,100,97,100,100,100,100,100,100,89,100,100,100,100,100,100,"южный",37521
"503",38,40,40,37,46,49,36,38,44,42,34,34,36,41,42,29,33,"южный",32195
"504",64,46,66,61,42,53,61,97,80,72,64,59,72,56,63,74,49,"северный",23972
"505",61,54,68,60,56,65,67,46,57,64,44,45,42,63,65,65,56,"центральный",29573
"506",28,54,73,57,66,43,67,61,29,47,54,65,59,22,35,90,47,"северный",27527
"507",71,67,69,70,59,73,52,67,70,65,52,49,69,58,67,60,76,"северный",54241
"508",84,82,100,100,70,100,75,72,80,83,95,72,100,75,72,100,69,"центральный",42965
"509",0,0,0,0,0,0,17,0,0,0,0,0,0,0,0,0,0,"северный",22860
"510",100,52,83,100,69,86,80,63,70,78,53,83,56,62,97,86,98,"северный",38612
"511",100,100,100,100,100,100,100,100,100,100,100,100,100,91,100,100,100,"южный",60987
"512",64,65,74,60,59,69,79,100,38,70,94,62,96,65,77,95,64,"центральный",32729
"513",32,32,30,38,35,44,40,36,45,45,27,54,34,39,28,35,30,"северный",34535
"514",91,94,67,87,82,99,100,100,93,80,99,100,100,100,100,94,97,"северный",41536
"515",100,74,100,82,79,79,100,84,100,100,99,91,97,89,54,97,100,"центральный",37491
"516",100,100,100,100,100,100,100,100,100,100,100,100,100,100,100,100,100,"южный",46759
"517",0,6,16,3,2,1,4,0,19,2,0,12,20,8,14,11,0,"южный",25538
"518",3,10,0,10,0,22,8,2,4,0,6,0,0,0,5,0,5,"южный",18072
"519",100,100,100,100,100,100,100,100,100,100,100,100,100,100,100,100,100,"южный",38415
"520",74,100,69,83,55,100,77,93,76,56,86,100,47,100,69,95,73,"центральный",60762
"521",25,38,27,25,32,38,30,17,32,38,31,15,32,40,26,35,36,"северный",37131
"522",0,3,15,14,4,10,16,0,0,10,24,3,12,20,12,3,0,"центральный",29518
"523",66,61,42,66,44,58,48,44,45,69,65,53,62,54,51,49,61,"центральный",32861
"524",100,100,100,100,100,100,100,100,100,100,100,100,100,100,100,100,100,"центральный",43296
"525",73,66,57,71,62,63,77,72,70,76,55,100,77,63,87,64,58,"северный",25232
"526",97,91,100,100,100,100,88,100,100,88,99,94,100,100,85,95,98,"южный",40561
"527",23,42,47,46,33,46,49,44,9,48,34,46,49,28,34,40,22,"южный",20535
"528",57,47,60,50,46,77,50,35,34,45,45,58,48,22,43,50,22,"южный",28710
"529",0,0,0,0,0,0,0,0,0,0,0,0,0,0,0,0,0,"южный",13473
"530",68,55,65,52,87,59,62,37,39,57,72,64,50,48,71,63,43,"южный",30493
"531",76,46,61,66,56,30,69,57,57,72,56,75,41,56,59,87,80,"южный",29631
"532",39,44,20,25,25,41,49,47,51,35,18,35,20,36,23,12,34,"южный",26479
"533",0,49,15,56,3,82,66,27,53,59,54,32,28,9,42,46,28,"южный",42777
"534",51,90,98,86,93,95,77,100,80,96,55,82,59,76,82,91,88,"северный",51671
"535",54,72,66,91,75,72,71,63,59,48,71,84,65,51,44,38,67,"центральный",45467
"536",100,100,100,100,89,100,100,100,100,100,100,100,100,66,77,90,100,"центральный",67075
"537",46,56,39,57,60,51,79,59,39,41,56,62,24,75,79,80,45,"северный",47957
"538",18,15,19,0,0,10,17,7,27,22,0,3,8,30,12,20,14,"центральный",32910
"539",0,0,0,0,0,0,0,0,0,0,0,9,0,0,0,0,0,"южный",26986
"540",100,100,100,100,100,100,100,100,100,100,100,100,100,100,100,100,100,"южный",28000
"541",100,100,100,100,100,100,100,96,100,100,100,98,100,100,100,100,100,"северный",55215
"542",0,19,0,0,33,1,19,0,21,10,15,3,0,20,0,0,0,"центральный",31769
"543",36,39,57,43,57,37,69,72,36,33,66,32,59,39,70,65,54,"южный",32477
"544",100,100,100,100,100,100,100,100,100,100,100,100,100,100,100,100,100,"южный",47497
"545",27,12,45,25,3,17,11,22,22,1,0,23,0,18,36,8,13,"центральный",32050
"546",100,100,100,100,99,97,100,100,98,98,99,100,93,100,99,96,98,"южный",48463
"547",35,79,40,91,35,50,53,49,40,58,63,58,65,34,49,27,61,"южный",10255.1974067464
"548",100,46,77,82,65,100,64,66,100,89,49,28,34,96,81,69,96,"северный",44413
"549",0,0,0,0,0,0,0,0,0,0,0,0,0,0,0,0,0,"южный",9195.2366521582
"550",5,0,0,12,0,3,0,0,0,13,4,0,0,5,5,2,3,"северный",24697
"551",64,76,72,62,65,97,78,80,58,88,65,53,49,69,74,81,72,"центральный",37569
"552",92,96,80,100,91,96,94,91,86,91,89,96,100,100,95,100,88,"южный",46352
"553",100,100,100,100,100,100,100,100,100,100,100,100,100,100,100,100,100,"северный",61543
"554",74,71,80,81,74,73,74,74,83,70,94,89,70,72,66,84,86,"центральный",52888
"555",82,86,88,88,75,60,73,87,93,86,49,66,74,87,100,62,90,"южный",53282
"556",0,0,0,3,0,0,0,1,0,0,0,0,0,0,1,0,5,"южный",24174
"557",100,100,100,100,100,100,100,100,100,100,100,100,100,100,100,100,100,"северный",61142
"558",94,97,95,94,95,100,100,89,100,100,95,82,89,99,86,96,88,"северный",65091
"559",88,100,100,100,100,77,94,67,89,100,100,72,100,100,71,85,100,"центральный",34535
"560",67,76,100,86,73,85,80,71,59,86,60,69,82,79,100,100,84,"южный",34922
"561",40,38,46,47,51,50,46,40,41,38,48,55,49,40,44,44,40,"центральный",37917
"562",100,98,100,100,100,100,100,100,100,100,100,100,100,100,100,100,100,"северный",49673
"563",26,16,0,13,8,25,8,29,7,29,37,7,31,9,0,11,26,"центральный",26299
"564",60,46,57,66,56,63,52,65,50,46,69,62,59,52,49,51,57,"центральный",33831
"565",85,63,72,47,46,67,73,58,63,56,69,46,61,42,60,75,48,"южный",32893
"566",60,66,72,88,84,86,86,72,84,79,67,66,61,79,71,83,96,"северный",45331
"567",100,83,76,41,83,93,63,66,75,52,84,88,77,92,77,64,67,"северный",44519
"568",0,11,9,0,0,6,0,2,0,0,0,0,1,11,0,0,0,"южный",23962
"569",57,53,58,44,48,51,32,53,35,70,46,44,39,68,49,34,41,"южный",35884
"570",39,31,58,42,27,34,27,35,43,33,11,37,31,45,35,27,31,"центральный",42875
"571",15,15,7,14,0,0,5,21,39,4,5,6,0,32,7,4,18,"южный",40099
"572",0,0,0,0,0,0,0,0,0,0,0,0,5,0,0,0,0,"центральный",30485
"573",48,70,70,64,68,73,53,65,43,50,47,69,34,40,36,43,69,"северный",39880
"574",0,0,15,0,0,0,0,0,0,0,0,0,0,0,0,0,0,"северный",28939
"575",100,80,62,85,83,100,76,91,88,92,54,78,85,98,79,67,100,"центральный",32492
"576",31,37,38,30,35,42,35,34,34,41,27,47,28,22,36,26,37,"южный",39101
"577",28,30,30,23,32,27,35,28,33,32,34,31,46,33,32,38,40,"центральный",24610
"578",49,27,52,53,45,62,54,51,40,51,63,62,54,36,54,49,47,"северный",19249
"579",50,50,58,62,56,58,63,52,58,46,65,48,61,52,42,69,69,"северный",39975
"580",27,39,38,40,39,36,40,32,37,33,44,45,39,32,26,43,34,"северный",22652
"581",20,0,29,16,13,20,0,12,7,52,11,19,22,29,23,0,26,"северный",36309
"582",38,30,44,46,40,41,40,20,56,35,39,52,50,46,25,34,31,"южный",31082
"583",100,96,100,63,80,95,100,100,100,86,100,100,97,100,100,100,100,"центральный",45194
"584",86,80,100,100,86,81,100,100,84,85,78,55,97,98,100,67,79,"северный",49784
"585",0,9,3,21,0,41,0,33,9,7,35,2,7,0,0,0,11,"центральный",30738
"586",87,98,89,92,77,86,68,90,78,93,100,78,74,82,82,79,86,"северный",9991
"587",68,85,97,100,90,87,91,52,100,68,82,100,68,65,94,81,100,"центральный",63892
"588",33,41,29,29,31,41,31,34,25,16,7,20,21,19,9,47,34,"южный",25185
"589",100,87,100,81,71,100,94,100,88,95,99,100,88,100,99,100,100,"центральный",40124
"590",33,41,36,32,16,42,33,18,3,16,28,39,36,12,45,21,40,"южный",24502
"591",56,55,53,54,64,48,64,52,58,48,51,61,65,53,55,46,60,"южный",39657
"592",100,98,100,100,100,100,100,100,100,100,100,100,100,100,100,100,83,"южный",67981
"593",100,100,100,99,100,100,100,100,87,100,100,100,100,100,100,100,100,"северный",29394
"594",47,32,33,59,25,17,40,57,48,40,34,57,44,30,28,81,32,"центральный",40940
"595",61,62,62,45,42,43,39,28,46,57,86,50,47,46,28,72,59,"северный",51662
"596",59,60,60,51,54,55,70,62,81,91,55,34,50,66,65,34,61,"центральный",43368
"597",4,0,24,6,2,0,17,5,3,6,0,0,4,0,0,0,15,"центральный",21802
"598",96,100,100,92,91,92,100,98,100,97,98,93,95,98,100,100,100,"центральный",40311
"599",100,100,100,100,100,100,100,100,100,100,100,100,80,100,100,100,100,"северный",54864
"600",52,51,16,49,35,45,73,50,33,57,30,51,55,61,58,44,35,"северный",32337
"601",55,45,65,33,80,57,47,56,54,48,65,70,44,62,59,48,75,"северный",36199
"602",48,0,6,27,28,28,30,35,2,9,43,53,26,41,34,29,32,"северный",19111
"603",100,100,100,97,93,96,100,89,100,88,100,68,86,94,77,90,83,"северный",40947
"604",92,83,84,65,73,93,72,86,65,71,77,77,69,67,84,73,77,"южный",45915
"605",100,100,100,100,100,100,100,100,100,100,100,100,100,100,100,100,100,"южный",24755
"606",39,22,24,33,21,2,37,28,25,8,28,48,28,0,23,33,13,"северный",10128.991978243
"607",41,19,54,80,52,61,41,39,31,39,61,84,52,42,33,57,17,"северный",49494
"608",57,27,74,53,28,73,83,58,50,49,61,42,25,49,54,54,52,"северный",30935
"609",100,100,100,100,100,95,99,100,100,98,80,100,100,100,100,100,100,"южный",47579
"610",35,18,36,60,42,41,31,14,24,37,35,32,43,47,32,49,39,"северный",19250
"611",72,60,63,71,62,74,61,55,62,57,63,71,63,58,59,49,58,"северный",39698
"612",24,42,25,37,10,30,26,24,23,70,26,47,11,28,17,52,22,"южный",18034
"613",68,63,59,70,75,65,62,64,57,59,67,64,61,59,67,67,75,"центральный",36748
"614",43,39,30,48,33,31,56,16,40,34,30,27,17,51,54,12,35,"северный",40495
"615",89,100,100,89,100,100,88,93,54,75,78,100,91,100,91,92,97,"южный",32056
"616",100,100,100,100,98,100,100,100,100,100,100,100,100,100,100,100,100,"центральный",56411
"617",41,83,50,20,38,60,78,31,27,41,41,54,64,39,34,56,26,"центральный",41808
"618",22,31,26,14,29,29,14,43,42,51,50,40,24,35,52,45,40,"центральный",9090.72732226923
"619",77,72,58,53,76,58,39,86,70,67,60,58,45,88,42,49,79,"центральный",44671
"620",56,38,52,53,87,58,42,15,29,44,18,38,28,53,31,30,58,"северный",38584
"621",36,23,36,31,30,33,32,28,33,35,31,23,26,37,27,29,30,"северный",30931
"622",100,100,100,99,100,98,100,100,100,100,95,100,100,100,95,100,100,"северный",38129
"623",100,100,100,100,100,100,100,100,100,100,100,100,100,100,100,100,100,"южный",50848
"624",100,100,93,94,100,100,99,100,100,94,100,72,100,97,100,98,100,"северный",42729
"625",100,100,100,100,99,100,100,100,100,100,100,100,95,99,100,100,100,"южный",58996
"626",82,79,65,62,63,63,100,64,56,83,83,87,64,85,67,64,70,"центральный",25602
"627",94,58,49,62,43,48,68,50,50,26,78,62,90,51,74,37,48,"северный",40497
"628",58,57,81,84,85,42,52,79,60,100,24,40,94,79,60,83,56,"центральный",44816
"629",100,100,100,92,95,81,87,97,77,96,79,48,100,58,83,87,79,"северный",41730
"630",7,21,4,31,12,21,14,14,24,10,29,6,4,25,17,20,16,"северный",11639
"631",27,46,39,39,38,45,26,32,28,44,44,38,38,36,39,34,36,"центральный",28669
"632",4,6,0,0,5,6,7,25,7,16,4,0,0,0,7,18,3,"северный",10079.5024367981
"633",50,10,29,28,30,12,24,25,43,54,36,31,8,20,6,0,20,"центральный",31694
"634",100,100,100,100,100,100,100,100,100,100,100,100,100,100,100,100,100,"южный",50825
"635",72,60,74,70,70,50,70,81,88,74,53,58,91,76,56,69,60,"южный",39747
"636",53,45,52,51,45,51,59,47,42,58,48,60,55,50,48,51,54,"южный",49541
"637",0,0,8,0,0,0,0,0,0,0,0,0,0,0,6,7,0,"северный",19091
"638",25,26,36,16,14,21,34,16,15,10,25,32,32,15,14,14,7,"северный",51144
"639",61,92,70,99,92,60,80,98,95,78,95,74,91,80,79,77,66,"северный",53952
"640",68,73,62,63,65,56,51,62,66,54,60,55,56,56,66,55,71,"южный",33528
"641",100,100,100,100,100,100,100,100,100,100,100,100,100,100,100,100,100,"южный",45055
"642",35,34,44,36,35,40,29,30,40,31,51,29,40,35,22,36,34,"северный",30792
"643",89,81,100,100,100,65,74,98,100,77,89,48,98,74,46,65,55,"южный",50783
"644",72,90,74,23,31,59,46,56,66,64,61,73,83,82,65,76,76,"центральный",33568
"645",56,78,70,59,78,68,57,42,59,63,34,38,64,72,42,48,55,"центральный",38765
"646",99,74,88,71,76,76,100,75,57,78,74,92,57,78,68,79,93,"южный",46582
"647",31,21,38,41,35,9,38,16,31,26,23,34,27,32,23,24,26,"центральный",9925.66535109654
"648",87,100,77,71,73,89,100,72,100,58,71,100,78,100,83,100,100,"южный",44286
"649",100,100,100,100,100,100,100,100,100,100,100,100,100,100,100,100,100,"южный",36704
"650",71,75,79,59,78,83,58,62,86,72,69,68,70,64,63,61,78,"северный",29622
"651",73,83,88,61,100,76,84,100,79,82,74,50,80,69,83,45,76,"южный",30008
"652",0,0,0,0,0,0,0,0,1,0,0,0,0,0,0,0,0,"южный",10873
"653",35,52,47,43,76,92,54,62,46,32,32,19,16,41,31,33,51,"северный",39353
"654",0,0,0,0,0,0,0,0,0,0,0,0,0,0,0,0,0,"северный",23413
"655",35,22,32,15,27,32,20,32,37,24,29,23,20,38,30,32,25,"центральный",34307
"656",74,68,80,87,77,75,78,92,62,73,72,86,76,73,88,87,65,"южный",46741
"657",100,100,100,100,100,100,100,100,100,100,100,100,100,100,100,100,100,"центральный",46216
"658",58,27,73,37,47,61,35,47,46,60,35,66,54,56,49,55,68,"центральный",22106
"659",100,87,100,100,96,100,97,95,86,100,100,100,78,100,100,100,91,"южный",39815
"660",89,69,67,95,83,96,100,62,87,85,100,66,65,98,100,100,96,"южный",65549
"661",100,100,100,100,100,100,100,100,100,100,100,100,100,100,100,100,100,"южный",55163
"662",74,28,73,72,57,40,84,70,73,45,79,46,65,67,68,66,78,"центральный",46787
"663",43,30,22,22,49,26,34,36,36,30,9,30,37,8,40,27,8,"центральный",36020
"664",45,50,63,57,62,41,60,61,60,60,47,57,47,73,47,54,43,"южный",52094
"665",0,16,36,0,4,9,0,0,11,1,0,4,8,12,13,0,20,"южный",27381
"666",0,0,0,0,0,0,0,0,0,0,0,0,0,0,9,0,26,"северный",22455
"667",0,19,0,0,6,3,2,29,13,0,0,0,9,4,10,0,0,"центральный",21388
"668",64,55,51,60,55,54,75,41,46,38,53,51,61,59,60,71,65,"северный",42157
"669",100,100,91,100,100,67,100,100,100,100,100,100,100,100,100,95,98,"северный",62071
"670",65,74,80,68,76,68,64,79,70,58,60,53,70,72,69,64,74,"северный",21835
"671",76,75,76,45,65,72,73,70,71,79,89,75,62,70,72,64,67,"северный",49886
"672",68,66,68,59,55,49,57,79,63,63,58,58,48,58,59,66,79,"северный",28216
"673",79,76,66,89,71,66,68,87,81,75,96,64,85,86,76,84,88,"южный",45618
"674",40,32,43,23,36,34,31,32,35,54,28,38,51,59,40,44,54,"южный",23263
"675",99,87,86,92,93,95,85,94,90,90,90,78,97,85,85,74,91,"южный",45807
"676",100,100,100,61,85,100,100,100,100,81,60,100,96,100,95,74,100,"южный",48587
"677",73,59,48,57,56,72,63,50,79,81,77,39,61,78,59,48,68,"южный",34054
"678",12,76,54,51,82,58,68,100,87,43,75,65,41,53,61,69,56,"северный",43412
"679",100,100,100,100,100,100,100,100,100,100,100,100,100,100,100,100,100,"северный",57724
"680",85,100,53,73,90,60,71,100,50,96,56,89,50,59,76,69,84,"южный",51619
"681",33,35,49,38,37,34,0,13,35,36,28,36,21,49,45,45,40,"северный",30283
"682",51,22,17,22,23,37,31,27,37,55,28,33,41,41,40,29,10,"центральный",36986
"683",40,33,45,43,24,13,24,47,8,18,32,35,48,39,40,15,23,"южный",13306
"684",68,100,67,92,100,80,75,92,81,91,89,84,100,75,78,100,74,"северный",28852
"685",0,0,0,0,0,0,0,0,0,0,0,0,0,0,0,0,0,"центральный",10617.2659769654
"686",37,37,40,38,32,35,42,40,31,32,50,47,34,36,34,33,45,"южный",32677
"687",100,100,100,100,100,100,100,100,100,100,100,100,100,100,100,100,100,"южный",42908
"688",75,73,84,52,73,66,52,62,44,65,67,86,76,64,58,81,60,"северный",37452
"689",27,25,51,0,26,43,30,28,21,54,0,3,9,13,0,34,0,"центральный",26459
"690",6,7,0,0,7,2,6,0,0,4,0,5,0,0,14,1,24,"северный",9335.46913322061
"691",39,42,37,38,34,33,25,6,33,27,23,34,45,46,31,38,32,"центральный",16676
"692",45,10,23,19,0,30,26,20,30,20,28,11,22,29,35,34,36,"центральный",33003
"693",32,56,33,74,9,43,60,26,52,11,44,44,61,26,36,14,33,"южный",27579
"694",47,51,52,73,59,63,48,55,46,40,45,69,59,75,56,36,58,"южный",18178
"695",100,100,91,95,100,100,100,100,100,100,100,100,94,100,100,100,100,"южный",30847
"696",69,56,41,56,41,50,37,55,39,28,45,42,24,33,29,17,40,"северный",51555
"697",29,31,25,42,19,34,52,26,36,48,34,22,28,48,20,3,37,"южный",31527
"698",30,67,73,67,73,90,64,50,64,69,70,87,52,97,75,43,37,"северный",54067
"699",40,34,39,37,41,50,38,36,49,50,38,50,39,44,46,49,33,"северный",34066
"700",0,0,9,0,0,0,4,0,0,0,0,0,0,0,1,0,10,"южный",18934
"701",75,69,67,65,83,67,38,83,82,82,53,66,65,99,93,72,68,"северный",42282
"702",70,58,52,51,66,54,51,53,72,58,73,51,73,67,46,56,67,"центральный",40337
"703",67,95,56,56,45,46,70,38,61,73,66,44,58,69,50,58,54,"южный",31085
"704",60,100,66,76,50,98,86,86,94,100,76,70,92,96,75,100,68,"центральный",35695
"705",0,26,56,37,0,0,0,0,11,0,48,0,0,3,17,11,34,"северный",13063
"706",38,31,42,23,46,17,35,8,29,22,14,29,29,41,27,41,33,"центральный",35803
"707",0,12,0,3,22,13,22,0,0,0,8,0,0,7,2,0,7,"южный",12221
"708",67,30,29,51,44,42,45,79,48,56,70,31,62,69,86,70,63,"центральный",43779
"709",46,39,34,45,44,24,20,54,30,48,30,72,47,30,53,52,27,"южный",12021
"710",17,0,0,31,6,5,0,0,0,11,3,0,24,0,0,0,0,"южный",22932
"711",100,100,100,100,100,100,100,100,100,100,100,100,100,100,100,100,100,"центральный",36878
"712",48,10,48,72,46,43,19,46,62,60,51,41,27,39,55,50,20,"южный",33324
"713",100,100,100,100,100,100,100,100,100,100,100,100,100,100,100,100,100,"южный",59296
"714",75,66,66,69,62,60,77,57,50,81,65,88,62,77,73,76,68,"северный",20773
"715",94,99,84,100,97,88,91,93,100,86,79,95,95,83,81,96,87,"северный",61761
"716",68,34,59,50,50,55,75,49,28,41,31,47,69,51,46,39,46,"северный",26975
"717",74,76,84,100,70,69,59,84,97,77,67,99,88,76,84,92,86,"северный",28919
"718",77,81,58,67,62,95,71,67,82,89,53,70,75,66,70,77,75,"центральный",32853
"719",100,100,100,85,99,100,90,97,100,100,100,100,86,100,75,99,100,"южный",63540
"720",79,100,100,96,100,100,89,93,100,53,46,100,100,80,95,89,81,"центральный",44747
"721",100,100,100,99,100,97,96,98,89,100,100,100,100,92,100,100,100,"центральный",48977
"722",74,78,91,86,88,81,79,80,86,80,89,79,87,96,83,73,80,"южный",38912
"723",0,0,2,14,0,0,0,0,28,0,0,0,0,24,0,0,0,"центральный",10487.631960772
"724",100,100,100,100,100,100,100,100,100,100,100,100,100,100,100,100,100,"северный",54569
"725",0,0,0,0,0,0,0,0,0,0,0,0,0,0,0,0,0,"северный",14336
"726",65,32,28,10,20,42,29,54,38,3,6,28,21,25,38,45,26,"северный",37898
"727",92,100,100,100,84,97,100,91,98,90,100,100,93,78,85,90,83,"южный",35186
"728",23,21,10,21,21,30,11,26,24,13,19,11,29,37,33,34,28,"центральный",16019
"729",37,44,20,24,32,22,29,18,35,34,28,31,31,24,29,22,30,"южный",27465
"730",50,53,100,83,65,52,93,69,57,57,93,31,100,80,100,87,67,"южный",19977
"731",0,3,6,7,8,0,2,1,0,8,0,0,8,11,1,5,11,"северный",10382.8984168358
"732",0,0,8,15,0,3,0,0,0,0,1,0,0,0,0,0,0,"центральный",17358
"733",0,25,43,40,25,57,72,32,12,39,59,51,52,62,23,0,47,"южный",29503
"734",60,54,46,43,26,28,30,60,75,52,53,48,79,75,29,75,63,"северный",35631
"735",89,100,100,100,100,100,100,100,100,100,100,100,90,100,100,100,100,"центральный",37161
"736",79,47,78,69,38,75,79,58,88,54,66,66,70,48,77,69,75,"южный",42932
"737",20,17,22,15,26,10,7,19,26,14,20,16,9,24,32,28,12,"южный",13599
"738",0,0,0,0,0,0,0,0,0,2,0,0,0,0,0,0,0,"северный",26013
"739",100,77,88,87,100,89,76,61,76,73,78,96,100,100,68,80,96,"северный",42505
"740",66,38,22,80,17,42,50,6,54,45,55,38,50,52,56,67,30,"северный",16569
"741",6,2,0,8,0,7,6,0,7,0,5,0,0,10,11,0,0,"северный",25424
"742",80,78,78,71,100,75,78,56,79,51,72,74,98,100,62,100,83,"центральный",45581
"743",37,9,27,13,8,15,25,6,30,21,4,18,8,23,39,32,31,"северный",30055
"744",44,45,44,54,44,54,36,56,48,56,51,54,31,54,42,44,41,"центральный",25064
"745",31,27,27,37,33,14,24,13,23,22,40,14,26,30,13,23,31,"центральный",30045
"746",95,93,95,98,92,90,94,95,100,100,94,100,96,100,97,93,100,"южный",64062
"747",48,30,51,35,52,37,41,37,49,50,42,28,38,38,36,46,27,"центральный",27761
"748",100,100,100,100,100,100,100,100,100,100,100,100,100,100,100,100,100,"северный",62334
"749",50,52,44,39,44,63,54,34,57,47,60,53,53,51,57,46,79,"северный",49039
"750",59,59,70,46,84,61,74,74,73,84,78,53,50,73,45,71,53,"северный",34133
"751",55,36,47,41,49,40,48,38,47,28,47,32,43,46,39,40,29,"северный",58461
"752",68,68,53,57,90,78,56,24,66,93,32,77,13,16,61,88,41,"центральный",36378
"753",80,89,86,56,60,61,65,96,65,56,88,97,66,70,77,96,87,"северный",50579
"754",19,11,14,9,25,20,21,20,2,27,32,25,24,42,15,17,24,"северный",19899
"755",3,27,20,42,30,7,28,3,41,20,39,3,5,13,0,0,1,"северный",31313
"756",100,100,94,95,100,100,100,100,100,100,85,92,93,98,100,100,94,"северный",57303
"757",80,99,81,88,76,79,80,97,79,67,73,79,82,83,87,73,92,"южный",42647
"758",94,98,100,100,100,100,100,83,75,100,75,100,81,91,100,99,100,"центральный",42960
"759",34,29,28,46,58,66,58,47,21,39,18,56,31,9,24,43,20,"центральный",21820
"760",63,83,82,84,64,61,77,81,77,75,78,67,83,70,73,80,79,"северный",34805
"761",99,99,100,100,100,100,100,100,78,100,100,100,100,61,100,100,99,"южный",44449
"762",100,85,100,100,90,100,100,100,100,100,94,96,100,100,100,100,100,"северный",45357
"763",100,60,75,95,100,87,93,100,88,100,96,100,99,75,66,76,100,"южный",55564
"764",2,0,5,6,0,0,5,0,8,5,9,5,3,2,11,0,14,"центральный",15907
"765",47,63,48,48,45,63,55,55,66,57,58,39,44,38,49,50,42,"центральный",34808
"766",14,3,12,19,12,13,16,14,20,20,12,11,15,9,12,8,15,"центральный",22590
"767",77,86,78,89,94,67,97,97,86,92,94,86,83,83,81,100,87,"южный",25287
"768",40,47,45,44,35,45,28,70,51,58,58,63,19,50,26,37,41,"южный",15711
"769",43,46,0,30,23,13,29,21,22,10,16,22,16,17,0,49,11,"южный",52850
"770",39,40,46,33,31,39,40,38,46,40,45,36,42,43,42,34,39,"центральный",29745
"771",14,0,6,7,16,14,16,24,20,16,11,18,0,12,2,16,1,"центральный",30004
"772",28,29,41,3,10,38,20,29,11,2,31,17,10,32,39,10,44,"южный",31637
"773",43,61,68,82,58,50,76,49,46,67,20,57,61,66,59,82,40,"южный",35921
"774",100,100,100,100,100,100,100,100,100,100,100,100,100,100,100,100,100,"южный",33389
"775",100,100,100,88,100,90,85,99,84,89,91,100,87,80,78,100,81,"южный",46376
"776",97,93,100,90,94,88,89,85,82,99,99,91,86,87,100,89,95,"центральный",41461
"777",94,89,89,90,90,93,89,80,96,95,90,87,80,89,96,83,91,"северный",49142
"778",30,15,11,18,14,27,18,21,19,22,20,25,27,29,29,24,15,"южный",21679
"779",42,25,28,29,26,28,23,34,39,30,22,27,28,38,33,35,32,"южный",35467
"780",94,100,100,100,100,91,100,100,100,100,100,98,100,100,100,100,100,"северный",47481
"781",56,70,45,57,35,32,52,80,59,87,51,70,59,38,91,70,84,"северный",39417
"782",71,63,61,51,61,62,59,78,50,35,69,51,50,76,74,69,45,"центральный",26734
"783",36,47,43,36,45,46,38,38,41,44,44,29,38,44,35,38,52,"южный",45243
"784",65,25,41,43,49,47,35,49,20,59,12,8,40,34,30,48,59,"северный",33728
"785",94,73,86,59,76,100,100,76,99,100,85,61,86,82,74,91,55,"центральный",41857
"786",22,34,48,27,38,30,27,39,33,17,38,32,29,37,25,27,27,"южный",47730
"787",51,57,40,18,56,44,39,46,55,29,67,56,38,50,44,38,34,"южный",37399
"788",97,64,74,82,80,91,73,66,83,68,89,88,76,93,77,80,62,"южный",54813
"789",0,11,8,0,0,6,0,0,5,0,0,0,0,0,0,21,6,"южный",16078
"790",71,75,97,87,90,82,80,100,96,74,93,80,89,97,64,70,70,"центральный",56131
"791",67,98,100,92,80,86,100,84,84,94,100,95,91,68,81,99,99,"центральный",37828
"792",80,100,97,100,81,82,95,67,85,81,100,76,71,100,100,100,100,"южный",48139
"793",28,31,32,27,30,7,28,47,19,37,46,34,34,30,41,39,33,"северный",34379
"794",100,100,83,100,94,99,100,100,100,100,100,100,92,100,100,96,100,"центральный",65135
"795",0,15,0,0,15,3,0,1,0,0,11,14,9,21,1,17,16,"центральный",28755
"796",42,50,42,0,27,0,28,0,38,52,10,48,20,23,31,19,35,"южный",29250
"797",100,100,100,100,100,100,100,100,100,100,100,100,100,100,100,100,100,"северный",66591
"798",0,14,0,0,2,3,5,8,15,6,22,8,0,0,0,0,10,"центральный",16307
"799",0,0,0,0,0,0,0,0,0,0,0,0,0,0,0,0,0,"северный",21542
"800",100,93,93,96,100,99,99,100,100,95,90,100,100,100,100,100,99,"центральный",44030
"801",9,22,16,16,19,31,26,18,9,10,23,2,20,16,29,6,31,"южный",26925
"802",0,0,29,15,0,0,0,0,13,0,9,0,0,4,6,0,8,"северный",20749
"803",80,71,86,84,86,74,82,86,80,100,100,83,56,76,82,72,100,"центральный",30027
"804",46,38,84,42,61,53,37,63,61,74,63,70,56,67,44,81,79,"центральный",24488
"805",100,100,100,100,100,100,100,100,100,100,100,100,100,100,100,100,100,"центральный",46307
"806",100,100,100,100,100,100,100,100,100,100,100,100,100,100,100,100,100,"центральный",46511
"807",100,100,100,100,100,100,100,100,100,100,100,100,100,100,100,100,100,"центральный",45106
"808",63,40,53,42,35,47,34,55,29,65,20,12,49,33,47,66,40,"центральный",20159
"809",71,73,79,54,70,100,95,54,91,44,38,71,96,82,70,95,64,"северный",48953
"810",60,38,42,0,63,36,55,21,36,56,29,48,61,13,38,66,63,"северный",33882
"811",100,100,100,100,100,100,100,100,100,100,100,100,100,100,100,100,100,"северный",60475
"812",11,37,26,33,25,0,24,26,0,34,32,21,54,39,15,34,4,"центральный",10962.1336241253
"813",100,100,100,100,99,100,90,100,100,100,100,100,100,100,100,100,100,"северный",52755
"814",28,31,23,23,20,25,34,34,26,24,24,26,34,14,19,25,20,"южный",20704
"815",67,53,62,48,51,61,49,54,49,57,51,59,63,53,53,53,48,"южный",50899
"816",62,53,53,62,48,49,54,53,52,51,50,57,49,54,52,61,61,"южный",43884
"817",98,82,86,94,99,85,91,99,84,97,89,95,89,96,100,93,98,"северный",39321
"818",30,23,40,30,31,21,27,32,40,17,39,10,18,24,29,20,4,"южный",21484
"819",0,0,0,0,0,0,0,0,2,0,0,0,0,20,0,4,0,"северный",15619
"820",20,0,0,7,31,1,0,1,11,31,5,6,0,16,16,42,0,"северный",19924
"821",72,67,79,73,65,78,72,75,80,69,77,80,57,64,69,72,73,"центральный",42795
"822",80,77,78,85,73,78,75,81,76,84,80,76,87,85,75,86,70,"центральный",36680
"823",88,100,92,76,89,94,78,72,78,100,93,90,66,86,98,91,95,"северный",30441
"824",72,100,100,100,100,100,100,100,100,97,94,100,100,100,91,94,83,"южный",54918
"825",17,26,25,25,6,0,21,6,25,0,18,24,18,9,5,3,20,"центральный",31744
"826",100,99,100,96,99,95,100,100,99,100,100,100,100,100,100,100,100,"центральный",46916
"827",22,50,47,52,3,27,41,25,40,27,35,2,21,43,14,44,37,"северный",35668
"828",46,37,22,30,1,29,21,50,26,1,27,0,0,22,39,44,66,"южный",32568
"829",67,46,52,44,53,53,43,4,40,42,12,58,14,34,29,37,46,"центральный",18905
"830",100,100,100,100,100,100,100,100,100,100,100,100,100,100,100,100,100,"южный",32354
"831",79,67,62,66,73,73,69,68,66,74,81,73,77,69,70,81,67,"южный",36822
"832",54,54,67,89,65,63,56,66,84,74,70,66,57,56,76,57,74,"северный",51502
"833",0,0,0,0,0,0,0,0,0,0,0,0,0,0,0,0,0,"южный",20723
"834",42,40,57,49,33,50,61,68,39,57,31,70,54,46,67,38,48,"северный",20748
"835",64,77,98,96,94,90,78,73,65,76,74,92,87,71,51,53,73,"центральный",18624
"836",17,36,13,52,44,55,38,45,50,46,52,47,49,70,62,43,61,"центральный",47671
"837",31,10,39,29,30,36,59,55,40,61,11,44,19,47,51,50,40,"северный",30940
"838",0,0,0,0,0,0,0,0,0,0,0,0,0,0,0,0,0,"северный",22118
"839",100,100,100,100,100,100,100,100,100,80,100,100,100,97,86,100,100,"южный",62877
"840",69,54,60,67,63,66,77,77,61,62,75,81,56,70,64,73,55,"центральный",34915
"841",82,93,82,93,89,65,100,78,83,76,73,95,86,86,84,80,81,"центральный",45446
"842",12,21,0,21,0,0,8,0,0,3,22,32,0,10,0,30,0,"центральный",23827
"843",41,0,0,0,12,21,21,0,8,12,2,7,0,15,27,0,0,"северный",33135
"844",94,100,85,81,79,91,92,87,100,72,98,94,83,98,100,95,100,"северный",47052
"845",33,36,28,33,46,32,35,37,30,31,28,35,20,19,31,22,32,"северный",28388
"846",100,100,100,100,99,100,100,96,100,98,100,100,96,100,83,100,100,"южный",50582
"847",75,58,67,0,57,48,52,67,77,31,59,71,76,77,70,64,52,"северный",28877
"848",52,46,58,67,48,54,43,50,51,53,47,50,42,43,56,43,55,"северный",36812
"849",80,93,81,82,94,95,85,93,90,86,74,100,81,97,93,86,97,"южный",56724
"850",100,95,100,100,100,100,100,100,100,100,100,99,100,100,100,100,100,"южный",54463
"851",100,100,100,100,100,100,100,100,100,100,100,100,100,100,100,100,100,"северный",45995
"852",46,22,55,30,40,60,32,15,10,52,61,16,66,65,40,79,41,"северный",36124
"853",38,68,68,71,54,60,66,43,54,100,67,66,62,38,49,77,72,"северный",26857
"854",4,33,0,0,27,23,7,10,0,28,21,7,20,0,33,31,0,"южный",13576
"855",100,100,100,100,100,100,100,100,100,100,100,100,100,100,100,100,100,"южный",49553
"856",55,1,63,61,31,12,33,36,43,28,53,23,63,60,29,43,42,"южный",28334
"857",96,100,100,100,100,87,100,100,99,100,94,100,98,92,100,100,100,"южный",49218
"858",72,70,49,74,79,73,74,70,95,78,83,75,74,60,81,66,87,"северный",43189
"859",74,54,38,68,62,53,85,96,58,89,24,72,61,81,52,95,64,"южный",39735
"860",50,23,18,21,34,42,43,44,36,35,37,65,0,57,50,26,43,"северный",37355
"861",83,87,70,95,80,79,64,43,86,88,70,66,89,68,61,61,68,"южный",52740
"862",100,100,100,100,100,100,100,100,100,95,100,100,100,100,91,100,100,"южный",57522
"863",62,73,84,75,90,54,82,64,94,97,76,75,94,68,66,61,48,"северный",35684
"864",0,0,0,0,0,0,0,0,0,0,0,0,0,0,0,0,0,"южный",13764
"865",79,66,91,65,86,78,79,70,57,77,86,40,58,56,39,74,61,"центральный",51088
"866",68,80,50,44,55,14,58,43,64,1,14,40,58,28,62,38,49,"южный",34787
"867",97,80,82,99,100,93,95,87,84,94,84,89,88,93,96,100,91,"центральный",51044
"868",77,100,99,81,93,87,89,64,74,84,92,77,75,66,86,98,70,"южный",30894
"869",90,91,83,85,84,82,97,89,93,80,93,94,89,77,86,96,90,"северный",55958
"870",91,61,59,63,75,47,50,43,51,67,58,51,60,51,89,79,78,"центральный",38344
"871",41,26,45,3,27,33,61,50,55,41,45,29,29,15,28,44,35,"центральный",44998
"872",24,46,36,0,35,68,73,54,49,37,32,51,23,51,63,9,21,"южный",25208
"873",84,92,100,71,78,86,93,71,71,100,85,84,90,94,85,54,75,"северный",40163
"874",47,48,52,43,43,52,57,38,51,63,49,47,38,47,46,39,47,"центральный",27196
"875",77,68,54,74,69,64,75,55,63,78,64,79,60,53,70,57,49,"северный",43197
"876",100,100,100,100,100,100,100,100,80,76,100,100,100,100,100,100,100,"северный",44429
"877",44,43,45,46,47,58,34,54,42,46,49,53,38,33,40,49,50,"центральный",31608
"878",0,0,0,0,0,0,0,0,0,0,0,0,0,0,0,0,0,"южный",36522
"879",69,76,98,73,89,73,77,68,74,63,60,78,81,79,80,76,81,"южный",31054
"880",0,0,0,0,0,0,0,0,0,0,0,0,0,0,0,0,0,"южный",20484
"881",50,54,45,62,47,55,53,58,54,68,56,51,39,40,71,45,53,"центральный",10888.3578018285
"882",32,42,25,35,37,35,45,38,26,54,53,24,42,46,34,41,29,"южный",33420
"883",100,94,100,76,94,83,100,100,100,78,100,84,80,100,89,100,88,"южный",29100
"884",40,37,0,51,12,29,41,41,19,29,30,19,23,20,0,1,1,"северный",12883
"885",26,26,45,36,39,25,32,31,23,34,25,47,44,28,40,34,37,"южный",25244
"886",53,56,52,44,60,55,52,56,53,61,58,52,54,51,46,60,54,"южный",32036
"887",0,4,0,0,0,0,0,0,0,0,0,0,0,0,0,0,0,"центральный",12095
"888",13,20,45,28,28,24,28,32,27,40,37,48,27,31,28,27,25,"южный",13603
"889",81,79,58,72,71,76,71,70,73,64,69,77,71,74,68,77,65,"северный",50585
"890",51,34,40,41,40,31,43,38,42,43,34,41,44,41,35,36,34,"южный",32836
"891",16,22,9,11,20,34,20,21,16,29,21,7,20,24,38,20,20,"центральный",32676
"892",90,92,60,82,61,79,51,69,76,88,87,55,81,69,82,63,90,"центральный",48479
"893",25,53,9,33,28,24,43,27,24,9,29,26,25,10,41,37,27,"центральный",34216
"894",86,90,75,68,83,87,82,97,92,78,84,100,78,81,78,82,74,"южный",48352
"895",100,90,100,99,100,100,100,100,99,99,100,100,96,100,100,100,100,"центральный",31853
"896",55,74,69,71,52,82,74,73,58,31,71,73,71,66,88,80,59,"северный",57843
"897",18,19,42,21,19,29,32,27,0,36,45,0,9,9,11,54,42,"северный",17510
"898",47,37,51,46,49,44,44,37,59,46,55,46,58,43,32,47,48,"северный",38523
"899",100,100,100,100,100,97,91,100,100,100,100,100,100,100,100,100,100,"южный",41827
"900",100,100,100,100,100,100,100,100,100,100,98,100,89,100,100,100,100,"северный",47454
"901",80,100,100,68,100,90,85,100,81,85,94,100,98,100,100,100,100,"центральный",62239
"902",100,100,100,100,99,100,81,100,100,100,100,100,100,100,100,100,100,"центральный",40380
"903",85,81,98,70,45,86,65,93,100,87,89,93,73,80,82,78,89,"южный",39766
"904",92,84,97,97,77,63,100,91,70,100,85,85,100,100,85,99,100,"южный",41530
"905",100,100,100,100,100,100,100,100,100,100,100,100,100,100,100,100,100,"южный",53516
"906",41,39,22,44,43,33,48,39,43,28,37,29,29,45,23,39,43,"центральный",29980
"907",52,45,44,51,42,47,62,50,57,52,53,62,55,49,58,49,43,"южный",49588
"908",47,54,45,46,42,67,45,50,68,53,47,76,58,76,38,62,39,"северный",22994
"909",65,60,29,72,72,54,26,66,81,66,57,52,64,55,47,100,87,"северный",33131
"910",65,50,88,87,79,82,89,81,85,100,59,77,74,59,50,96,84,"северный",47759
"911",41,36,28,38,43,39,35,37,45,40,36,39,38,36,48,33,46,"северный",38283
"912",100,100,97,98,100,100,100,98,100,100,100,100,100,100,100,100,100,"южный",41918
"913",29,66,53,64,47,66,81,54,42,72,35,51,69,94,50,61,52,"северный",19430
"914",79,88,100,97,88,87,100,98,91,100,100,85,92,100,95,100,86,"центральный",32814
"915",41,40,33,37,38,25,41,33,37,21,25,40,36,28,21,39,44,"южный",39097
"916",23,19,19,11,28,0,17,0,29,18,6,17,1,40,0,8,26,"центральный",15733
"917",53,30,17,25,13,6,0,19,39,64,11,0,55,0,20,11,36,"центральный",32824
"918",0,1,0,0,0,0,20,13,0,0,0,0,27,5,17,18,0,"центральный",23627
"919",14,13,14,25,16,2,44,34,29,7,10,7,18,34,13,42,16,"южный",40213
"920",0,14,0,0,0,2,0,0,0,0,0,7,0,0,0,0,0,"южный",22963
"921",61,54,38,53,69,44,46,35,37,43,62,43,31,43,56,42,51,"северный",52425
"922",9,35,26,27,19,19,26,18,27,35,41,31,3,3,28,6,23,"северный",42917
"923",100,100,100,100,100,100,98,100,100,100,100,100,100,100,100,100,96,"центральный",42975
"924",5,15,51,24,53,17,19,20,8,24,16,26,39,17,14,39,37,"южный",23505
"925",71,89,86,77,65,96,79,70,91,60,70,69,82,45,96,40,89,"северный",58145
"926",47,70,65,52,67,37,64,75,64,92,63,68,69,55,76,72,60,"северный",42654
"927",13,42,25,51,11,0,36,21,43,11,30,27,63,20,16,10,38,"северный",23750
"928",79,73,60,84,87,67,68,78,77,71,59,62,66,62,73,66,73,"центральный",42269
"929",55,61,44,51,37,50,79,74,55,65,60,50,48,40,58,40,41,"центральный",32213
"930",79,92,91,98,94,100,84,100,100,100,100,91,97,97,84,86,78,"южный",47053
"931",73,26,37,59,57,49,92,68,80,77,64,56,88,76,44,41,79,"южный",41303
"932",77,66,84,89,72,77,42,60,99,64,96,74,50,83,62,90,70,"северный",36371
"933",90,100,91,100,100,100,87,92,100,100,100,94,100,100,95,89,100,"южный",52348
"934",65,54,55,59,65,64,59,77,47,64,88,64,49,77,55,67,48,"северный",38026
"935",51,55,58,50,46,48,51,43,55,52,55,59,53,49,54,41,60,"центральный",48961
"936",0,0,0,0,0,0,0,0,0,0,0,0,0,0,0,0,0,"северный",15285
"937",55,49,53,43,78,56,54,72,68,34,63,57,57,27,33,42,78,"центральный",43293
"938",26,23,19,25,25,31,9,19,20,38,22,21,32,22,18,26,20,"центральный",9581.38234307989
"939",12,5,7,20,0,29,2,0,33,0,0,0,12,31,32,0,23,"южный",12912
"940",100,100,100,100,100,100,100,100,100,100,100,100,100,100,100,100,100,"северный",51890
"941",69,73,63,68,37,58,45,68,76,57,60,55,74,50,67,34,70,"северный",37636
"942",100,100,100,100,100,100,100,100,100,100,100,100,100,100,100,100,100,"северный",46177
"943",73,82,73,100,100,83,97,54,71,46,78,57,65,78,97,57,64,"южный",41327
"944",66,62,62,71,63,62,53,63,60,51,63,45,75,69,64,67,57,"южный",39924
"945",39,56,56,55,51,46,54,51,52,29,47,52,62,50,59,50,41,"северный",32606
"946",70,100,86,94,100,81,100,100,70,100,100,100,98,83,86,100,100,"центральный",37529
"947",89,80,63,68,85,69,94,99,87,89,92,81,93,91,85,61,80,"южный",55084
"948",28,47,17,49,32,34,38,27,17,42,49,28,46,30,32,41,36,"южный",39275
"949",100,100,100,100,100,100,100,100,100,100,100,100,100,100,100,100,100,"южный",51637
"950",52,52,8,19,39,72,21,46,35,56,60,61,41,45,72,43,53,"центральный",20578
"951",100,100,100,100,100,100,100,100,100,100,100,100,100,100,100,100,100,"северный",63444
"952",80,74,83,80,67,78,72,76,69,77,70,77,63,61,78,69,74,"центральный",60867
"953",19,6,19,0,11,26,27,24,43,0,2,16,29,6,7,46,43,"северный",30849
"954",65,72,91,80,86,95,82,96,72,77,82,65,92,70,74,78,96,"южный",39174
"955",75,95,78,62,100,59,91,85,76,100,79,83,94,93,58,89,83,"южный",34240
"956",100,100,100,100,100,100,100,100,100,100,100,100,100,100,100,100,100,"южный",38714
"957",93,91,79,96,100,100,100,84,97,97,100,100,93,90,100,100,81,"южный",41240
"958",36,25,20,24,30,42,28,9,31,32,25,22,33,42,19,23,28,"южный",25080
"959",14,16,16,8,26,20,19,20,15,20,18,23,9,32,8,13,11,"центральный",19449
"960",0,2,9,13,9,8,20,5,11,10,12,12,5,0,16,8,11,"северный",24792
"961",57,49,62,49,94,60,30,83,76,91,64,58,57,62,55,80,44,"южный",39248
"962",74,75,74,70,60,75,85,73,66,68,76,56,79,91,78,71,72,"северный",38992
"963",100,100,99,87,100,100,100,100,100,100,95,97,100,100,84,100,99,"северный",48585
"964",72,93,100,100,100,100,100,100,99,73,100,100,100,100,98,82,100,"центральный",63224
"965",67,62,73,64,70,64,69,61,72,67,72,58,70,74,67,62,67,"центральный",27936
"966",13,53,41,21,15,28,28,11,22,33,37,24,41,32,30,15,15,"северный",15418
"967",38,74,42,55,58,53,36,37,46,70,42,51,58,51,66,47,74,"центральный",42301
"968",72,65,73,91,83,87,85,82,100,76,76,90,65,87,91,78,86,"центральный",37622
"969",19,25,2,17,48,27,43,45,37,29,73,55,19,53,46,36,41,"южный",46933
"970",100,100,100,100,100,100,100,100,100,100,100,100,100,100,100,100,100,"центральный",55767
"971",81,75,77,78,73,80,74,71,83,72,69,74,72,78,78,74,85,"северный",50930
"972",100,100,100,85,100,100,96,100,100,99,100,100,100,100,100,97,100,"центральный",56438
"973",59,80,64,70,77,71,91,73,54,98,89,80,65,63,82,71,85,"центральный",23971
"974",0,0,0,0,0,0,0,0,0,0,0,0,0,0,0,0,0,"южный",17554
"975",90,72,84,84,78,78,97,78,100,89,77,84,89,87,80,84,76,"центральный",49467
"976",23,26,16,11,20,21,23,10,12,36,28,14,22,24,23,13,33,"центральный",25490
"977",0,0,0,0,0,0,0,0,0,0,0,0,0,0,0,0,0,"южный",30441
"978",68,97,100,97,100,76,94,100,87,100,100,82,79,85,100,100,100,"южный",58453
"979",0,0,0,0,0,0,0,0,0,0,0,0,0,0,0,0,0,"центральный",21364
"980",43,49,26,69,48,45,66,81,41,58,24,46,65,55,78,31,90,"северный",32967
"981",100,100,100,100,100,100,100,100,100,100,100,98,100,100,100,100,100,"северный",57548
"982",76,43,31,54,76,82,62,87,85,64,100,91,75,82,78,92,69,"южный",28824
"983",63,66,62,58,86,63,61,55,77,65,53,66,62,63,66,57,51,"северный",37485
"984",100,100,100,84,100,100,100,100,100,100,100,100,100,100,100,100,89,"южный",51622
"985",60,55,43,91,93,94,52,56,73,76,86,81,62,54,78,80,80,"южный",27660
"986",34,23,40,42,37,50,50,46,37,40,41,49,67,30,57,46,46,"южный",42849
"987",79,86,91,78,85,78,87,90,81,77,79,83,89,81,85,80,88,"центральный",39887
"988",0,0,0,0,0,0,0,0,0,0,0,0,0,0,0,0,0,"центральный",22095
"989",82,93,80,73,79,81,90,87,77,81,84,81,78,87,85,81,86,"южный",33110
"990",26,8,9,18,24,24,25,19,32,38,20,25,26,27,13,40,12,"центральный",25026
"991",50,42,86,55,31,51,31,38,21,80,52,55,66,55,46,66,49,"северный",34479
"992",3,15,14,13,18,22,0,0,15,17,21,3,11,15,20,0,16,"центральный",22800
"993",14,23,10,9,21,10,4,15,14,1,18,24,35,22,6,11,14,"северный",21807
"994",8,11,10,24,3,9,0,4,1,21,14,8,0,13,12,7,0,"северный",11022
"995",41,23,43,39,59,35,19,34,36,62,24,35,39,14,32,32,42,"южный",34809
"996",88,100,95,89,84,77,99,100,87,73,100,92,70,94,91,100,100,"южный",37965
"997",100,100,89,82,92,100,100,86,100,85,97,100,85,87,100,91,88,"центральный",36264
"998",23,35,34,39,21,32,24,38,13,37,35,0,3,22,20,15,32,"центральный",30047
"999",52,17,62,49,42,20,53,26,48,26,45,37,26,35,46,36,27,"северный",28934
"1000",18,36,37,27,48,28,25,23,39,62,56,31,47,24,16,42,28,"северный",28307
"1001",100,99,100,83,99,94,82,80,81,57,100,100,61,67,81,100,100,"южный",40077
"1002",67,69,87,61,69,64,70,76,77,75,67,70,55,66,59,75,80,"северный",37293
"1003",35,48,47,61,57,65,47,60,47,43,71,37,52,50,30,55,46,"южный",56409
"1004",0,0,32,0,0,0,0,0,0,9,13,0,0,0,10,5,0,"южный",12835
"1005",30,26,10,32,24,24,26,23,32,34,32,10,20,11,23,27,25,"центральный",41795
"1006",1,0,0,2,0,2,0,0,1,1,0,0,0,0,0,0,0,"центральный",24073
"1007",41,43,42,43,39,50,45,39,47,40,42,42,44,47,37,41,45,"южный",34500
"1008",24,44,36,38,33,40,32,21,38,42,41,36,55,37,20,32,21,"южный",43055
"1009",50,8,48,59,58,55,45,54,37,46,64,59,63,44,71,57,64,"южный",40010
"1010",100,100,100,100,100,100,100,100,100,100,100,100,100,100,100,100,100,"центральный",44432
"1011",90,100,100,100,82,89,100,91,100,99,95,100,86,100,95,100,100,"южный",59253
"1012",9,18,14,15,16,16,31,15,13,15,18,11,7,24,31,17,27,"южный",14156
"1013",57,25,46,51,43,47,29,31,34,47,64,39,30,48,32,49,46,"северный",37100
"1014",71,73,78,61,89,89,70,58,66,57,46,62,82,61,95,64,66,"центральный",29964
"1015",100,100,100,100,100,100,100,100,100,100,100,97,100,100,100,100,100,"центральный",41345
"1016",74,81,71,77,76,77,91,67,63,58,77,69,65,69,76,85,53,"южный",33523
"1017",80,82,79,86,98,86,95,88,87,73,73,87,85,78,94,89,77,"северный",53070
"1018",41,28,58,17,16,36,42,64,37,42,43,41,23,57,44,35,37,"южный",21495
"1019",58,62,70,72,63,69,68,70,63,68,59,71,65,57,66,54,76,"южный",39795
"1020",42,22,16,0,41,21,6,24,7,10,62,0,0,28,38,16,25,"центральный",14831
"1021",59,79,82,80,65,59,71,53,52,49,58,74,77,66,74,54,80,"южный",44920
"1022",100,100,100,100,100,100,100,100,100,100,100,100,100,100,88,100,100,"центральный",17990
"1023",33,74,51,49,44,23,29,57,34,31,50,60,61,26,45,25,39,"центральный",10601.7342014238
"1024",62,68,34,58,58,62,37,85,46,45,34,60,31,62,41,41,62,"южный",56990
"1025",73,62,32,66,40,79,64,76,45,57,62,76,67,95,79,70,96,"северный",41895
"1026",100,100,100,100,88,92,100,100,100,100,100,94,91,99,100,100,95,"центральный",30730
"1027",25,0,17,44,22,24,25,46,43,13,41,58,38,75,31,49,13,"центральный",21839
"1028",100,89,91,83,82,71,100,100,100,62,100,100,96,100,100,100,100,"северный",34018
"1029",100,93,100,100,86,100,100,99,99,97,100,100,100,100,94,100,95,"северный",44485
"1030",61,42,53,0,31,13,27,48,27,56,69,33,34,40,44,36,27,"северный",27015
"1031",81,100,97,100,100,99,89,97,100,100,100,85,95,100,93,100,89,"центральный",36970
"1032",52,60,60,48,59,50,54,54,56,50,48,46,52,66,50,58,46,"южный",46421
"1033",77,82,87,90,85,92,86,82,72,76,83,83,83,79,82,83,82,"северный",48374
"1034",0,0,0,0,0,0,0,3,0,0,0,2,0,1,0,1,0,"центральный",13643
"1035",60,44,50,22,50,71,48,58,47,52,59,46,55,34,59,62,83,"центральный",24061
"1036",100,100,100,100,100,100,100,100,100,96,100,100,100,98,100,100,93,"центральный",43875
"1037",82,98,92,68,94,96,98,84,89,76,100,87,86,75,96,70,70,"южный",57346
"1038",83,69,72,88,74,100,100,84,72,66,66,71,75,55,60,74,83,"северный",37531
"1039",0,0,0,0,0,0,0,0,0,0,0,0,0,0,0,0,0,"центральный",22317
"1040",60,69,36,57,19,39,58,36,53,75,40,49,49,43,32,46,38,"северный",31716
"1041",42,34,8,0,32,15,26,39,13,4,16,14,0,0,22,22,22,"южный",15649
"1042",32,38,35,16,94,98,57,55,83,29,79,58,49,55,64,94,66,"южный",50709
"1043",47,45,44,41,57,45,62,57,56,51,38,62,58,81,55,72,42,"южный",28277
"1044",75,84,50,85,100,70,71,59,77,86,100,100,84,100,90,73,54,"южный",25283
"1045",4,28,29,37,38,21,37,23,35,23,24,38,25,18,16,25,29,"центральный",16503
"1046",98,94,100,89,100,97,100,100,96,98,91,95,100,93,91,94,98,"северный",57084
"1047",100,81,100,100,83,100,79,91,97,85,100,88,75,100,100,100,100,"центральный",45296
"1048",100,100,100,100,100,100,100,100,100,100,100,100,100,100,100,100,100,"южный",46427
"1049",100,100,100,100,100,100,100,100,100,100,99,100,100,100,100,95,100,"южный",36633
"1050",23,39,49,45,44,20,17,57,22,48,42,1,34,25,47,17,31,"северный",36710
"1051",0,30,34,8,0,0,0,29,0,0,14,4,29,0,6,0,5,"северный",30435
"1052",79,82,65,61,23,71,44,81,71,68,68,64,100,79,55,77,72,"южный",18703
"1053",55,56,19,26,42,72,29,15,46,28,18,62,58,31,20,11,25,"южный",23791
"1054",56,22,6,35,25,42,18,53,17,44,7,51,22,46,33,33,31,"южный",19229
"1055",36,44,34,42,30,34,33,29,42,41,36,34,34,32,34,53,37,"южный",29311
"1056",46,37,22,29,4,22,65,17,17,26,33,25,40,44,47,46,59,"центральный",37546
"1057",68,67,73,59,82,60,87,68,65,89,70,100,62,76,100,100,68,"северный",33295
"1058",63,31,52,65,58,53,36,78,64,76,69,52,67,59,59,93,55,"южный",25884
"1059",18,39,0,31,18,39,11,23,5,33,2,20,30,11,26,37,21,"центральный",12892
"1060",17,21,19,20,25,24,16,13,22,20,29,22,25,11,31,16,29,"центральный",35049
"1061",100,100,100,100,100,100,100,100,100,100,100,100,100,100,97,100,100,"южный",48478
"1062",100,59,84,81,100,67,72,76,93,98,82,84,44,100,78,96,87,"северный",54728
"1063",72,55,55,84,72,74,70,64,48,58,77,50,90,44,78,68,100,"южный",56322
"1064",86,78,63,69,66,32,60,65,58,58,63,97,76,63,84,50,59,"северный",32025
"1065",25,50,70,42,27,47,48,33,48,47,27,56,25,34,36,34,44,"центральный",44748
"1066",100,100,100,100,100,100,100,100,100,100,100,100,100,100,100,100,100,"северный",43035
"1067",49,44,47,20,41,34,15,36,36,56,23,61,33,47,24,77,13,"центральный",30127
"1068",0,0,0,0,0,0,0,0,0,5,0,0,0,0,0,0,0,"северный",13033
"1069",89,94,85,75,99,87,85,90,90,80,65,93,80,100,95,83,83,"северный",29236
"1070",40,57,13,20,0,41,21,47,16,35,49,29,29,25,43,42,43,"центральный",18211
"1071",37,41,30,23,34,35,35,28,32,33,28,32,67,32,38,17,28,"северный",34613
"1072",41,75,72,52,40,58,57,79,56,49,48,38,36,80,53,67,56,"северный",56946
"1073",27,1,28,0,40,0,0,0,0,0,41,0,50,24,26,5,22,"центральный",33916
"1074",85,80,81,92,89,91,90,98,87,100,81,91,89,94,99,96,67,"центральный",45492
"1075",63,69,87,81,52,73,42,41,75,67,56,71,100,78,62,74,74,"северный",33535
"1076",66,48,61,19,65,63,90,63,51,36,96,82,84,74,63,79,31,"северный",20197
"1077",96,59,62,57,72,95,78,77,45,60,82,100,67,71,67,82,95,"центральный",40898
"1078",21,23,23,23,24,24,25,23,15,27,15,15,9,12,24,15,20,"центральный",27197
"1079",0,0,0,0,9,0,0,0,0,0,0,0,0,0,0,0,0,"южный",25059
"1080",67,70,96,58,89,83,56,62,70,75,74,71,78,87,88,70,71,"северный",38721
"1081",11,5,24,1,3,14,22,13,3,19,16,12,6,14,24,21,6,"северный",39827
"1082",50,38,84,8,40,38,48,67,37,54,44,36,61,42,73,46,38,"центральный",16340
"1083",19,23,23,33,0,71,39,46,27,26,35,44,20,26,8,29,29,"северный",30676
"1084",45,21,45,47,23,30,4,51,50,16,43,32,37,36,27,39,25,"южный",39468
"1085",100,100,100,100,98,100,92,100,100,100,100,100,100,82,100,92,100,"северный",38686
"1086",64,42,61,44,54,49,59,59,52,50,55,54,63,61,51,62,51,"северный",32939
"1087",42,76,48,59,60,74,68,85,47,44,76,65,70,27,69,60,80,"центральный",23254
"1088",56,59,57,38,61,35,59,11,63,49,70,70,48,6,74,47,53,"северный",39548
"1089",100,100,100,100,100,100,100,100,100,100,100,100,100,100,100,100,100,"центральный",37337
"1090",7,0,27,6,9,19,5,0,1,14,0,3,0,0,0,0,5,"южный",20271
"1091",29,0,17,15,32,23,23,13,35,44,15,25,5,38,46,69,18,"северный",29566
"1092",91,77,87,74,62,83,61,83,82,78,70,83,81,93,95,87,81,"северный",31531
"1093",59,53,58,64,75,54,62,62,62,57,57,58,61,57,60,61,67,"южный",44009
"1094",84,100,100,91,97,100,100,98,100,97,100,100,100,100,100,100,96,"южный",53923
"1095",64,80,90,80,85,73,81,62,90,52,78,86,77,80,81,64,73,"центральный",29566
"1096",14,12,30,8,21,3,13,18,27,18,9,23,0,11,24,8,4,"южный",28841
"1097",75,75,73,80,84,79,68,60,67,59,74,64,80,76,80,64,84,"центральный",42707
"1098",22,48,47,57,50,17,47,44,22,45,34,41,45,29,40,42,58,"северный",54313
"1099",46,51,47,24,33,35,42,38,34,39,54,48,35,47,64,45,42,"центральный",10249.4900887832
"1100",80,100,100,75,98,100,100,91,100,99,100,94,89,92,95,100,100,"центральный",48181
"1101",38,72,79,68,54,61,52,68,66,75,45,64,60,86,46,73,55,"центральный",30894
"1102",31,46,30,34,25,58,55,29,29,39,39,23,47,36,16,25,47,"центральный",53712
"1103",29,19,26,38,67,69,18,17,26,40,71,5,21,38,17,24,20,"северный",22004
"1104",62,62,64,57,60,64,70,62,62,58,66,64,65,61,65,63,65,"северный",32929
"1105",0,18,0,9,0,0,5,2,0,0,7,0,0,13,0,3,0,"центральный",29979
"1106",45,57,42,62,48,64,72,72,45,32,48,51,36,59,68,52,38,"центральный",42489
"1107",95,81,100,100,91,100,76,100,84,100,100,100,85,100,100,100,100,"центральный",49648
"1108",25,41,25,29,39,62,21,67,80,45,39,47,36,47,56,42,26,"южный",48306
"1109",76,100,100,99,86,91,100,100,100,100,93,100,100,72,91,100,100,"северный",29535
"1110",44,52,46,38,35,50,45,37,49,53,39,42,42,65,52,37,35,"южный",37514
"1111",0,0,0,0,2,0,0,0,0,0,0,4,2,0,8,4,8,"центральный",26821
"1112",7,27,22,10,3,9,38,0,29,8,0,17,33,14,19,5,14,"центральный",26012
"1113",100,90,67,100,96,100,85,100,75,91,62,77,67,73,69,93,73,"северный",41288
"1114",37,32,54,40,53,52,53,37,52,33,37,37,29,38,52,54,61,"южный",31307
"1115",85,100,93,88,98,100,89,99,100,97,100,100,100,79,100,100,100,"северный",34091
"1116",81,73,94,100,100,77,100,91,100,85,92,90,84,98,73,100,70,"центральный",50657
"1117",0,31,36,18,9,24,55,38,9,34,43,44,31,23,44,44,59,"южный",29209
"1118",0,0,0,0,1,11,0,0,0,0,0,0,0,0,0,0,0,"северный",19842
"1119",86,74,58,64,73,80,77,79,83,68,60,57,71,63,61,82,85,"южный",47061
"1120",89,93,96,84,73,89,73,94,82,78,84,86,87,90,90,84,81,"центральный",32890
"1121",19,26,25,30,24,37,32,27,20,18,28,30,26,26,21,24,21,"южный",26400
"1122",94,89,78,91,83,77,99,82,85,89,83,79,87,94,92,84,90,"центральный",24759
"1123",57,38,100,73,55,92,85,100,77,41,51,66,85,61,82,87,88,"центральный",49956
"1124",52,40,50,35,46,42,20,27,44,49,60,41,38,45,27,28,34,"центральный",33385
"1125",72,100,100,100,100,89,100,95,78,89,93,100,87,100,100,100,94,"северный",42607
"1126",84,72,71,64,93,89,75,97,92,56,71,72,100,100,74,100,95,"центральный",44171
"1127",73,85,78,88,77,76,77,73,75,75,93,97,100,80,75,90,81,"южный",37369
"1128",4,23,10,0,2,0,14,0,0,17,10,10,0,9,5,8,0,"центральный",29445
"1129",100,100,100,100,91,100,87,100,100,89,92,100,100,100,84,100,92,"центральный",49662
"1130",39,41,33,38,40,40,29,36,42,28,42,26,40,40,28,49,39,"центральный",31325
"1131",97,89,73,87,89,100,75,84,72,67,67,57,98,70,69,83,71,"центральный",38328
"1132",28,56,30,58,25,37,72,28,59,29,27,12,42,58,55,46,39,"северный",46172
"1133",88,48,65,70,62,72,85,63,82,94,68,100,71,86,79,79,75,"северный",50180
"1134",98,99,100,97,92,88,100,100,100,100,74,83,100,94,89,100,92,"южный",24420
"1135",36,21,43,48,37,28,29,34,27,38,33,32,41,35,28,36,50,"центральный",10171
"1136",45,65,71,52,43,48,53,41,53,52,51,51,55,50,63,58,59,"южный",39144
"1137",62,65,84,77,70,73,87,83,74,54,86,92,62,78,81,72,100,"северный",46421
"1138",54,28,77,83,100,100,75,67,77,46,61,77,91,79,44,90,77,"центральный",45542
"1139",92,100,80,100,49,71,85,93,88,92,82,77,89,59,69,97,100,"северный",45785
"1140",61,100,78,69,61,77,68,100,95,97,72,67,73,77,50,54,66,"центральный",66492
"1141",20,22,45,37,17,0,17,11,4,27,0,31,17,24,1,43,10,"центральный",31106
"1142",59,47,58,61,41,62,42,47,53,37,55,53,69,51,72,46,51,"центральный",43274
"1143",0,6,26,23,19,29,11,14,20,23,2,22,6,26,30,11,37,"северный",28567
"1144",1,0,0,0,0,0,0,0,1,0,0,0,0,0,0,0,0,"северный",16589
"1145",47,33,42,39,37,48,28,42,37,25,42,30,38,38,41,33,38,"южный",28385
"1146",89,81,84,83,67,86,72,91,68,71,98,85,85,77,72,82,90,"южный",38494
"1147",68,79,60,36,37,48,50,38,58,50,40,44,50,41,79,57,52,"центральный",18755
"1148",9,11,4,0,49,0,32,35,36,24,46,1,9,11,33,8,30,"центральный",20292
"1149",34,28,36,22,29,30,14,37,49,36,26,40,44,37,39,13,23,"южный",26043
"1150",21,35,31,15,12,25,30,25,31,17,28,30,31,17,21,29,24,"центральный",21893
"1151",0,6,5,17,12,18,21,22,13,10,15,9,18,19,9,18,5,"южный",25316
"1152",35,12,4,31,14,32,49,28,0,46,34,32,38,18,3,10,24,"северный",12494
"1153",68,57,62,64,75,60,58,78,57,59,57,59,60,70,49,74,67,"центральный",46566
"1154",0,43,23,34,38,11,20,20,9,40,7,12,31,25,0,1,26,"северный",13056
"1155",56,63,53,50,55,56,47,54,47,56,57,59,55,56,57,55,54,"южный",36671
"1156",30,15,32,18,24,30,15,22,10,21,15,17,25,4,0,1,26,"северный",34002
"1157",0,16,0,0,0,3,10,0,0,0,0,4,0,26,0,0,0,"северный",17937
"1158",27,40,31,49,36,22,29,44,21,38,34,39,23,28,35,30,35,"центральный",24442
"1159",58,44,63,59,61,68,57,74,73,56,83,65,75,51,54,53,57,"центральный",30248
"1160",41,65,89,63,62,65,64,65,84,42,76,31,51,77,62,53,57,"северный",36758
"1161",69,72,80,62,76,74,78,75,75,56,71,60,64,51,73,65,79,"южный",40366
"1162",4,0,0,0,11,8,19,0,7,37,8,21,19,0,6,0,0,"южный",10787.3332481831
"1163",0,16,10,25,37,0,10,26,1,19,3,24,0,21,38,19,16,"северный",32369
"1164",77,85,76,79,73,97,82,77,94,88,71,73,78,88,93,76,88,"южный",64300
"1165",38,31,56,29,40,41,34,28,46,43,4,16,43,40,31,22,49,"южный",11328
"1166",3,22,25,19,13,48,37,25,16,34,17,13,7,9,37,21,14,"центральный",18978
"1167",39,21,40,40,38,37,41,41,38,35,44,29,39,44,31,30,55,"центральный",31054
"1168",20,31,9,21,13,27,14,11,34,9,29,21,19,16,20,42,29,"северный",24802
"1169",77,77,63,72,59,69,78,89,64,63,81,74,70,67,82,76,67,"северный",25329
"1170",19,8,11,18,15,11,7,21,11,10,16,18,14,10,14,4,11,"северный",20052
"1171",80,16,7,0,14,22,11,15,50,30,29,19,16,27,39,21,10,"центральный",19408
"1172",95,86,94,96,90,96,100,100,89,99,100,100,100,87,92,94,74,"южный",25915
"1173",46,64,49,61,75,60,76,61,52,68,63,98,29,77,47,55,49,"южный",51995
"1174",100,100,100,100,100,100,100,100,100,100,100,100,100,100,100,100,100,"северный",43556
"1175",50,47,26,30,48,31,43,41,32,68,50,59,59,30,44,25,31,"центральный",19923
"1176",92,93,96,83,89,100,100,86,91,86,75,89,84,85,100,94,80,"центральный",52137
"1177",69,53,79,84,73,53,76,73,71,67,75,85,83,49,67,80,57,"северный",21745
"1178",100,100,100,100,100,100,100,100,100,100,85,100,100,100,100,100,100,"южный",52841
"1179",27,28,43,25,8,15,19,27,16,20,25,28,0,27,8,63,18,"южный",19102
"1180",75,80,69,44,68,78,67,79,71,69,74,66,62,64,77,70,82,"северный",42965
"1181",100,100,100,100,100,100,100,100,100,100,100,100,100,100,100,100,100,"северный",52149
"1182",98,95,100,100,89,86,100,93,93,96,93,85,98,100,91,89,97,"северный",40748
"1183",100,59,89,46,71,100,87,96,91,100,86,100,86,67,100,82,75,"северный",36751
"1184",0,0,0,0,0,0,0,0,0,0,2,0,0,0,0,0,0,"северный",28248
"1185",19,33,37,19,29,15,22,16,0,13,50,29,30,31,9,21,23,"центральный",10358.1287683919
"1186",81,83,84,91,85,70,91,68,96,65,100,87,96,81,100,88,86,"южный",41139
"1187",65,47,37,40,30,40,34,27,38,33,22,39,46,23,59,32,35,"южный",36805
"1188",100,100,100,100,100,100,100,100,100,100,100,100,100,100,100,100,100,"южный",64030
"1189",91,70,80,87,95,70,88,73,84,72,67,46,69,99,72,64,90,"центральный",46414
"1190",0,22,0,17,33,11,63,8,25,19,24,0,44,57,38,48,22,"центральный",32132
"1191",0,0,0,0,0,0,0,1,0,0,0,0,0,0,0,0,0,"северный",11746
"1192",86,95,83,78,87,78,80,89,87,75,83,72,91,76,91,82,83,"южный",43903
"1193",40,61,64,28,25,49,43,26,58,42,41,25,68,29,14,44,62,"южный",42084
"1194",38,13,33,10,20,51,20,20,8,0,19,9,0,35,65,22,2,"южный",34350
"1195",100,67,98,83,69,62,80,40,67,95,43,43,96,88,82,81,49,"центральный",34264
"1196",31,22,36,21,38,27,39,1,22,30,20,61,18,50,52,27,37,"южный",27385
"1197",0,0,0,0,0,0,0,0,0,0,0,0,0,0,0,0,0,"северный",35401
"1198",15,23,14,23,8,11,17,20,15,18,16,10,7,18,0,18,14,"южный",22172
"1199",39,41,28,48,29,34,19,49,13,36,39,25,45,20,39,41,12,"южный",30159
"1200",26,22,29,19,27,28,39,17,14,11,32,29,15,22,27,19,19,"центральный",50838
"1201",89,100,100,94,86,100,100,100,91,98,100,100,100,81,100,100,100,"южный",46786
"1202",44,20,25,21,11,36,28,27,36,5,18,16,0,29,21,25,14,"южный",43216
"1203",44,44,69,57,59,59,64,87,49,69,23,48,35,64,43,77,28,"южный",37002
"1204",37,11,47,8,5,30,40,46,29,1,20,22,5,49,53,51,38,"южный",28764
"1205",33,33,52,41,54,45,32,64,40,43,100,54,58,73,33,48,75,"центральный",32343
"1206",1,0,0,17,0,38,0,15,0,12,18,6,0,0,7,32,0,"северный",24229
"1207",46,39,52,67,74,64,77,85,88,68,45,51,80,94,47,68,61,"южный",56621
"1208",11,50,48,48,9,15,35,41,20,2,42,43,33,35,40,39,15,"северный",32582
"1209",70,44,36,49,56,62,41,48,51,47,58,65,40,55,48,72,38,"центральный",43496
"1210",100,94,100,100,95,99,81,100,100,87,100,96,91,100,100,100,92,"северный",61821
"1211",0,0,0,0,0,0,0,0,0,0,0,0,0,0,0,0,0,"северный",9450.70267608389
"1212",13,10,0,0,0,1,0,0,11,0,12,10,0,0,0,0,0,"центральный",11035
"1213",100,100,100,100,100,100,100,99,100,100,100,100,100,100,100,100,100,"центральный",40567
"1214",67,79,42,58,55,50,63,57,55,61,67,57,62,53,57,53,65,"северный",28314
"1215",100,100,100,100,100,100,100,95,100,100,100,100,100,100,100,100,100,"южный",44371
"1216",90,100,100,100,88,92,88,93,96,91,98,80,95,91,100,100,89,"северный",31717
"1217",100,100,100,100,100,89,100,100,100,96,100,85,100,100,100,100,100,"северный",55085
"1218",80,68,82,68,73,74,72,76,70,72,71,65,71,87,88,75,83,"северный",37974
"1219",61,63,54,61,59,54,62,57,58,65,52,67,63,59,58,59,75,"южный",41443
"1220",83,83,72,76,70,75,80,80,74,80,74,77,82,84,78,87,76,"центральный",45055
"1221",98,89,100,97,82,99,100,91,100,96,93,100,93,87,90,100,95,"южный",56151
"1222",2,56,21,26,32,45,0,0,24,15,12,23,14,0,8,6,0,"южный",19151
"1223",100,100,100,100,100,100,100,100,100,100,100,100,100,100,100,100,100,"южный",55280
"1224",71,56,84,72,66,52,72,50,48,78,31,45,63,64,51,71,67,"южный",37465
"1225",100,98,100,91,100,100,100,96,99,100,100,100,100,100,100,100,100,"южный",44429
"1226",73,75,29,68,66,47,97,84,15,98,73,69,67,42,64,80,98,"северный",26857
"1227",99,38,64,56,57,60,59,51,64,38,43,38,22,69,37,60,56,"центральный",41457
"1228",47,36,36,40,13,57,36,10,62,38,20,26,81,48,20,16,36,"центральный",39201
"1229",45,36,38,43,44,31,41,44,34,40,39,52,44,39,46,44,40,"северный",25818
"1230",52,32,16,45,58,59,58,87,1,49,55,80,78,50,55,55,16,"северный",12719
"1231",86,92,80,93,100,80,94,81,100,100,98,100,99,83,83,82,82,"центральный",35651
"1232",73,37,64,57,68,79,29,32,69,63,53,86,30,39,67,49,76,"северный",38639
"1233",95,95,100,93,100,100,100,100,100,100,100,96,100,99,100,98,100,"южный",41396
"1234",100,100,100,100,100,100,100,100,100,100,100,95,100,100,100,100,93,"центральный",44794
"1235",71,82,60,81,77,85,78,82,50,94,92,65,79,80,70,87,70,"южный",37606
"1236",2,19,22,17,24,20,24,29,37,17,12,13,14,20,14,35,20,"северный",29547
"1237",100,100,100,100,100,100,100,91,100,100,100,100,99,90,100,100,100,"южный",66426
"1238",84,100,73,79,100,77,75,86,70,66,63,75,81,77,73,82,92,"южный",52846
"1239",48,100,40,69,43,65,98,43,84,75,78,59,80,60,81,87,51,"центральный",31777
"1240",93,100,76,100,88,89,95,100,100,100,79,100,100,86,89,100,77,"северный",65915
"1241",57,56,54,48,67,53,39,53,53,51,43,62,56,44,47,50,68,"южный",41416
"1242",19,9,18,7,15,24,21,10,16,13,11,21,23,4,15,23,15,"южный",22555
"1243",15,2,14,10,22,14,0,13,1,23,12,17,9,20,32,5,22,"центральный",31231
"1244",56,62,55,81,21,50,100,52,62,55,46,47,39,55,52,69,68,"центральный",46085
"1245",28,2,42,24,39,4,57,0,77,17,44,18,9,38,16,66,34,"северный",32742
"1246",65,65,76,63,46,47,72,70,21,71,78,72,77,52,79,90,49,"северный",9484.39521761611
"1247",40,41,59,57,49,69,53,54,60,39,49,51,48,53,68,62,54,"южный",44455
"1248",100,100,100,100,100,100,100,100,100,100,100,100,100,100,100,100,100,"южный",34749
"1249",75,74,46,88,65,80,33,100,46,56,81,74,83,56,87,84,60,"южный",42717
"1250",100,100,100,100,100,100,100,100,100,100,100,100,100,100,100,100,100,"северный",43884
"1251",65,76,74,71,70,68,65,68,70,71,69,66,71,71,64,79,68,"южный",46550
"1252",86,63,78,57,77,83,43,73,54,70,85,87,62,72,87,69,87,"южный",28691
"1253",2,22,0,0,0,0,0,0,6,0,19,19,0,17,3,4,16,"центральный",10894.0051933751
"1254",59,47,51,39,51,62,56,42,49,42,40,38,33,50,57,49,48,"южный",40099
"1255",94,100,95,96,100,100,93,100,100,84,100,100,87,83,87,94,83,"южный",56234
"1256",93,81,90,93,69,96,100,100,73,85,71,72,80,61,49,95,85,"северный",48310
"1257",29,25,20,12,20,15,35,45,20,31,33,34,0,16,0,28,0,"южный",27538
"1258",89,92,83,95,93,89,100,100,95,81,85,87,87,76,100,65,77,"центральный",43942
"1259",100,100,100,100,100,100,100,100,100,100,100,100,100,100,100,100,100,"северный",46932
"1260",0,0,0,0,0,0,0,0,2,0,0,0,2,0,0,2,0,"южный",9446.41159148887
"1261",100,80,97,82,96,76,100,100,84,100,86,100,93,84,100,100,97,"южный",33902
"1262",35,21,0,36,0,29,16,62,0,44,18,6,13,29,0,32,16,"южный",29100
"1263",52,58,50,55,47,70,44,71,61,52,69,55,68,64,50,58,49,"южный",41661
"1264",100,95,99,91,100,100,87,87,96,100,93,93,98,100,99,88,98,"центральный",41557
"1265",100,100,100,100,100,100,100,100,87,100,100,90,91,90,96,100,100,"южный",59493
"1266",33,61,42,65,44,56,74,60,54,58,58,54,45,47,59,59,5,"центральный",18499
"1267",100,97,100,100,100,98,98,98,99,97,100,100,97,100,91,100,100,"северный",56695
"1268",60,53,53,54,53,42,60,49,69,55,36,62,46,43,56,53,58,"южный",33297
"1269",31,24,41,33,68,50,23,43,49,49,34,50,37,32,45,31,54,"южный",33089
"1270",77,80,89,81,67,73,85,84,88,86,76,82,74,72,65,72,70,"южный",45126
"1271",79,70,81,100,83,86,70,86,100,68,83,84,85,82,100,70,58,"южный",60481
"1272",58,55,51,51,46,56,54,51,47,62,49,52,41,53,63,46,47,"центральный",21241
"1273",57,47,44,33,37,33,48,39,51,55,48,60,41,52,38,55,74,"южный",40443
"1274",66,45,48,78,44,26,71,54,34,25,42,65,53,53,37,59,45,"центральный",37354
"1275",100,65,81,100,100,100,100,89,100,85,99,84,65,99,84,78,88,"центральный",52476
"1276",69,52,71,42,60,47,41,47,94,51,46,51,58,42,46,31,34,"северный",39894
"1277",43,45,39,32,48,27,38,27,34,35,26,46,31,33,36,44,38,"северный",42536
"1278",100,93,100,100,100,100,98,100,100,100,100,100,100,100,100,100,98,"северный",45267
"1279",49,36,40,45,31,46,40,53,34,41,46,36,68,47,57,33,47,"южный",32178
